,all_awardings,allow_live_comments,author,author_flair_css_class,author_flair_richtext,author_flair_text,author_flair_type,author_fullname,author_is_blocked,author_patreon_flair,author_premium,awarders,can_mod_post,contest_mode,created_utc,domain,full_link,gildings,id,is_created_from_ads_ui,is_crosspostable,is_meta,is_original_content,is_reddit_media_domain,is_robot_indexable,is_self,is_video,link_flair_background_color,link_flair_css_class,link_flair_richtext,link_flair_template_id,link_flair_text,link_flair_text_color,link_flair_type,locked,media_only,no_follow,num_comments,num_crossposts,over_18,parent_whitelist_status,permalink,pinned,pwls,retrieved_on,score,selftext,send_replies,spoiler,stickied,subreddit,subreddit_id,subreddit_subscribers,subreddit_type,thumbnail,title,total_awards_received,treatment_tags,upvote_ratio,url,whitelist_status,wls,removed_by_category,crosspost_parent,crosspost_parent_list,url_overridden_by_dest,collections,post_hint,preview
0,[],False,ruthlessdamien2,,[],,text,t2_64zxc0ec,False,False,False,[],False,False,1661302180,self.AskEngineers,https://www.reddit.com/r/AskEngineers/comments/ww5ah9/am_i_worthy_enough_to_become_an_engineer/,{},ww5ah9,False,True,False,False,False,True,True,False,,blue,[],b251a614-57f9-11e4-b47b-12313b0e9678,Discussion,dark,text,False,False,True,0,0,False,all_ads,/r/AskEngineers/comments/ww5ah9/am_i_worthy_enough_to_become_an_engineer/,False,6,1661302191,1,"Hi, I'm an entry level civil engineer for 6 months. Although I've passed my probationary period, I still feel like I'm not worthy enough to be an engineer. I still make too many mistakes at work. I take way too much time at my work (ie load taking). I even struggled to understand the structural framing of a building. Miscommunications happens pretty much everyday from my part. I feel like the reason I'm still exist is because a lot of engineers has left the company and the management are desperately in need of engineers.",True,False,False,AskEngineers,t5_2sebk,282129,public,self,Am I worthy enough to become an engineer?,0,[],1.0,https://www.reddit.com/r/AskEngineers/comments/ww5ah9/am_i_worthy_enough_to_become_an_engineer/,all_ads,6,,,,,,,
1,[],False,scardycrow,,[],,text,t2_1txyp9z3,False,False,False,[],False,False,1661300268,self.AskEngineers,https://www.reddit.com/r/AskEngineers/comments/ww4l7x/will_working_for_disney_look_better_for_future/,{},ww4l7x,False,True,False,False,False,True,True,False,,blue,[],90a1d45a-3f64-11e5-8667-0e60d8112001,Mechanical,dark,text,False,False,False,0,0,False,all_ads,/r/AskEngineers/comments/ww4l7x/will_working_for_disney_look_better_for_future/,False,6,1661300279,1,"I have two job opportunities, both contract-to-hire. One is a electrical disigner at Disney, which pays less, but a non engineering friend keeps hyping it up that it'll look better in my resume. The other is design engineer position to make laser tech, and other scientific instruments. 
I'm going about this as if I won't be hired full time. Will Disney on my resume actually look better?",True,False,False,AskEngineers,t5_2sebk,282129,public,self,Will working for Disney look better for future employers?,0,[],1.0,https://www.reddit.com/r/AskEngineers/comments/ww4l7x/will_working_for_disney_look_better_for_future/,all_ads,6,,,,,,,
2,[],False,scardycrow,,[],,text,t2_1txyp9z3,False,False,False,[],False,False,1661299743,self.AskEngineers,https://www.reddit.com/r/AskEngineers/comments/ww4e7o/working_for_disney/,{},ww4e7o,False,False,False,False,False,False,True,False,,blue,[],90a1d45a-3f64-11e5-8667-0e60d8112001,Mechanical,dark,text,False,False,True,1,0,False,all_ads,/r/AskEngineers/comments/ww4e7o/working_for_disney/,False,6,1661299754,1,[removed],True,False,False,AskEngineers,t5_2sebk,282130,public,self,Working for Disney,0,[],1.0,https://www.reddit.com/r/AskEngineers/comments/ww4e7o/working_for_disney/,all_ads,6,moderator,,,,,,
3,[],False,combivomer,,[],,text,t2_16ju0k,False,False,False,[],False,False,1661298204,self.AskEngineers,https://www.reddit.com/r/AskEngineers/comments/ww3tn8/hydro_electric_turbines_for_high_head_low_flow/,{},ww3tn8,False,True,False,False,False,True,True,False,,purple,[],3a6acd0c-fd28-11e6-ab41-0edc7e2b18fe,Electrical,dark,text,False,False,True,0,0,False,all_ads,/r/AskEngineers/comments/ww3tn8/hydro_electric_turbines_for_high_head_low_flow/,False,6,1661298215,1,"Hi all, I have a site with physical characteristics ideal for hydro power generation - or so I though. I can run 0.02 m3/s (possibly more) continuously at a dynamic head of 90 m (9 Bar). This can supposedly generate 15.9 kW at 0.9 efficiency.

The problem I've discovered is that standard turbines are designed not for high head, low flow, but instead the opposite. Here are some example turbines that are commonly available:

Rated output|Water head|Water flow
3 kW|15-30m|0.015 - 0.03 m3/s
5 kW|15-40m|0.015 - 0.04 m3/s
10 kW|30-60m|0.035 - 0.06 m3/s
20 kW|30-70m|0.075 m3/s

As you can see, none are sized correctly for my site.
My question is what would be the result of trying to run a low head, high flow turbine with water coming through at high head, low flow?

According to my limited understanding of how a hydro turbine works, the resistance to turning provided by the magnets in the stator should prevent the rpm from going too high assuming that the turbine is adequately sized for kW, so I wouldn't think it would blow up or anything if the pressure is too high, and as the potential energy (?) in the water is the same, the turbine would still turn, with the result would be the turbine would run but possibly at a lower efficiency.",True,False,False,AskEngineers,t5_2sebk,282131,public,self,"Hydro electric turbines for high head, low flow",0,[],1.0,https://www.reddit.com/r/AskEngineers/comments/ww3tn8/hydro_electric_turbines_for_high_head_low_flow/,all_ads,6,,,,,,,
4,[],False,MurtonTurton,,[],,text,t2_eped7g5h,False,False,False,[],False,False,1661296155,self.AskEngineers,https://www.reddit.com/r/AskEngineers/comments/ww31zk/ive_recently_been_trying_to_grasp_the_operation/,{},ww31zk,False,True,False,False,False,True,True,False,,blue,[],90a1d45a-3f64-11e5-8667-0e60d8112001,Mechanical,dark,text,False,False,True,0,0,False,all_ads,/r/AskEngineers/comments/ww31zk/ive_recently_been_trying_to_grasp_the_operation/,False,6,1661296166,1,,True,False,False,AskEngineers,t5_2sebk,282128,public,self,"I've recently been trying to grasp the operation of torque converters, and I have the following question for 'capturing' what I fancy I've gathered so far: is a torque converter essentially a *centrifugal* pump driving an *impulse* turbine?",0,[],1.0,https://www.reddit.com/r/AskEngineers/comments/ww31zk/ive_recently_been_trying_to_grasp_the_operation/,all_ads,6,,,,,,,
5,[],False,potedesballj,,[],,text,t2_3aac755n,False,False,False,[],False,False,1661295668,self.AskEngineers,https://www.reddit.com/r/AskEngineers/comments/ww2v86/whats_your_favorite_free_software_for_engineering/,{},ww2v86,False,True,False,False,False,True,True,False,,blue,[],b251a614-57f9-11e4-b47b-12313b0e9678,Discussion,dark,text,False,False,True,0,0,False,all_ads,/r/AskEngineers/comments/ww2v86/whats_your_favorite_free_software_for_engineering/,False,6,1661295679,1,,True,False,False,AskEngineers,t5_2sebk,282129,public,self,What's your favorite free software for Engineering?,0,[],1.0,https://www.reddit.com/r/AskEngineers/comments/ww2v86/whats_your_favorite_free_software_for_engineering/,all_ads,6,,,,,,,
6,[],False,Background-Cloud7832,,[],,text,t2_997jyhi2,False,False,False,[],False,False,1661293312,self.AskEngineers,https://www.reddit.com/r/AskEngineers/comments/ww1xjt/how_to_become_a_cad_drafter/,{},ww1xjt,False,False,False,False,False,False,True,False,,orange,[],939137fa-3f64-11e5-b90e-0ef63926eacd,Civil,dark,text,False,False,True,0,0,False,all_ads,/r/AskEngineers/comments/ww1xjt/how_to_become_a_cad_drafter/,False,6,1661293323,1,[removed],True,False,False,AskEngineers,t5_2sebk,282125,public,self,How to become a CAD drafter,0,[],1.0,https://www.reddit.com/r/AskEngineers/comments/ww1xjt/how_to_become_a_cad_drafter/,all_ads,6,reddit,,,,,,
7,[],False,Miserable-Mention943,,[],,text,t2_f4mz7wxe,False,False,False,[],False,False,1661293164,self.AskEngineers,https://www.reddit.com/r/AskEngineers/comments/ww1vf4/chemist_trying_to_switch_into_engineering_what_to/,{},ww1vf4,False,False,False,False,False,False,True,False,,green,[],1612b830-09c2-11ea-a8a8-0ea1f14b089b,Chemical,dark,text,False,False,True,1,0,False,all_ads,/r/AskEngineers/comments/ww1vf4/chemist_trying_to_switch_into_engineering_what_to/,False,6,1661293175,1,[removed],True,False,False,AskEngineers,t5_2sebk,282124,public,self,"Chemist Trying to Switch into Engineering, What to do?",0,[],1.0,https://www.reddit.com/r/AskEngineers/comments/ww1vf4/chemist_trying_to_switch_into_engineering_what_to/,all_ads,6,moderator,,,,,,
8,[],False,focksmuldr,,[],,text,t2_y95o6,False,False,False,[],False,False,1661292971,self.AskEngineers,https://www.reddit.com/r/AskEngineers/comments/ww1sq7/help_measuring_depth_of_water_in_a_flume/,{},ww1sq7,False,True,False,False,False,True,True,False,,blue,[],b251a614-57f9-11e4-b47b-12313b0e9678,Discussion,dark,text,False,False,False,0,0,False,all_ads,/r/AskEngineers/comments/ww1sq7/help_measuring_depth_of_water_in_a_flume/,False,6,1661292982,1,"I need to measure the depth of water in a 9” parshall flume to verify the calibration of a flowmeter. The water level is usually around 1-6”. The bottom of the flume is about 6-7’ below the sewer grating so using a 4’ marked broomstick is pretty difficult. I can’t read the markings while its down there nor is the wet region very visible when i pull it back up due to the finish on the broomstick. 

I was thinking maybe stretching a white tshirt around the end of a broomstick and using a hose clamp to keep it in place? Or maybe sanding the end of it so the wood can soak up the water giving me an indication of the level? Can’t really do anything fancy. It can sometimes be slow to purchase things at my company. 

Any low tech ideas welcome. (Also, there is no level indicator on the flume.)",True,False,False,AskEngineers,t5_2sebk,282124,public,self,Help measuring depth of water in a flume,0,[],1.0,https://www.reddit.com/r/AskEngineers/comments/ww1sq7/help_measuring_depth_of_water_in_a_flume/,all_ads,6,,,,,,,
9,[],False,Miserable-Mention943,,[],,text,t2_f4mz7wxe,False,False,False,[],False,False,1661292776,self.AskEngineers,https://www.reddit.com/r/AskEngineers/comments/ww1pwm/chemist_switching_to_engineer/,{},ww1pwm,False,False,False,False,False,False,True,False,,green,[],1612b830-09c2-11ea-a8a8-0ea1f14b089b,Chemical,dark,text,False,False,True,1,0,False,all_ads,/r/AskEngineers/comments/ww1pwm/chemist_switching_to_engineer/,False,6,1661292787,1,[removed],True,False,False,AskEngineers,t5_2sebk,282124,public,self,Chemist switching to Engineer,0,[],1.0,https://www.reddit.com/r/AskEngineers/comments/ww1pwm/chemist_switching_to_engineer/,all_ads,6,moderator,,,,,,
10,[],False,Strikewr,,[],,text,t2_eeh9d9qe,False,False,False,[],False,False,1661290216,self.AskEngineers,https://www.reddit.com/r/AskEngineers/comments/ww0okr/someone_from_engineering_who_has_worked_in_a_game/,{},ww0okr,False,True,False,False,False,True,True,False,,blue,[],b251a614-57f9-11e4-b47b-12313b0e9678,Discussion,dark,text,False,False,True,0,0,False,all_ads,/r/AskEngineers/comments/ww0okr/someone_from_engineering_who_has_worked_in_a_game/,False,6,1661290227,1,please tell how was your experience!!,True,False,False,AskEngineers,t5_2sebk,282123,public,self,"someone from engineering who has worked in a game company (who participated in projects for consoles or controls, firmwares and electronic devices).",0,[],1.0,https://www.reddit.com/r/AskEngineers/comments/ww0okr/someone_from_engineering_who_has_worked_in_a_game/,all_ads,6,,,,,,,
11,[],False,Oogmaflab,,[],,text,t2_5a5sxgaq,False,False,False,[],False,False,1661288435,self.AskEngineers,https://www.reddit.com/r/AskEngineers/comments/wvzy6p/how_is_computer_hardware_engineering_as_a_career/,{},wvzy6p,False,False,False,False,False,False,True,False,,purple,[],6a68317a-c3cd-11e9-bf9c-0e2863fd7a72,Computer,dark,text,False,False,True,1,0,False,all_ads,/r/AskEngineers/comments/wvzy6p/how_is_computer_hardware_engineering_as_a_career/,False,6,1661288445,1,[removed],True,False,False,AskEngineers,t5_2sebk,282118,public,self,"How is Computer Hardware Engineering as a career, and what do I need to get started?",0,[],1.0,https://www.reddit.com/r/AskEngineers/comments/wvzy6p/how_is_computer_hardware_engineering_as_a_career/,all_ads,6,moderator,,,,,,
12,[],False,Noli-Timere-Messorem,,[],,text,t2_60vbyxme,False,False,False,[],False,False,1661279845,self.AskEngineers,https://www.reddit.com/r/AskEngineers/comments/wvwf2v/this_is_a_question_from_my_nuclear_physics/,{},wvwf2v,False,True,False,False,False,True,True,False,,purple,[],3a6acd0c-fd28-11e6-ab41-0edc7e2b18fe,Electrical,dark,text,False,False,False,0,0,False,all_ads,/r/AskEngineers/comments/wvwf2v/this_is_a_question_from_my_nuclear_physics/,False,6,1661279857,1,"work at the Edwards Accelerator Laboratory at ****** Universitiy.
We need to replace some electric motor driven water pumps. They are small ~50-150 gallons/minute range. Have you had any experience with electrical water pumps? We are looking for pumps which are reliable and can be maintained. We have had the off the shelf pumps but they fail in a few years and are hard to maintain. (We run 24/7 and need very good reliability)",True,False,False,AskEngineers,t5_2sebk,282117,public,self,(This is a question from my nuclear physics professor)He needs help with electrical water pumps.,0,[],1.0,https://www.reddit.com/r/AskEngineers/comments/wvwf2v/this_is_a_question_from_my_nuclear_physics/,all_ads,6,,,,,,,
13,[],False,onlyangel96,,[],,text,t2_9vfar979,False,False,True,[],False,False,1661279572,self.AskEngineers,https://www.reddit.com/r/AskEngineers/comments/wvwb1y/how_do_i_find_an_engineer_to_help_with_an/,{},wvwb1y,False,True,False,False,False,True,True,False,,blue,[],90a1d45a-3f64-11e5-8667-0e60d8112001,Mechanical,dark,text,False,False,True,0,0,False,all_ads,/r/AskEngineers/comments/wvwb1y/how_do_i_find_an_engineer_to_help_with_an/,False,6,1661279583,1,"How do I find an engineer to help me with something I’ve “invented” and ensure that it’s actually something that would work? I looked online, but mostly got random websites like inventhelp.com",True,False,False,AskEngineers,t5_2sebk,282117,public,self,How do I find an engineer to help with an invention?,0,[],1.0,https://www.reddit.com/r/AskEngineers/comments/wvwb1y/how_do_i_find_an_engineer_to_help_with_an/,all_ads,6,,,,,,,
14,[],False,plasmire,,[],,text,t2_421h8wjq,False,False,False,[],False,False,1661279371,self.AskEngineers,https://www.reddit.com/r/AskEngineers/comments/wvw7xi/weight_load_capacity/,{},wvw7xi,False,False,False,False,False,False,True,False,,blue,[],90a1d45a-3f64-11e5-8667-0e60d8112001,Mechanical,dark,text,False,False,True,1,0,False,all_ads,/r/AskEngineers/comments/wvw7xi/weight_load_capacity/,False,6,1661279382,1,[removed],True,False,False,AskEngineers,t5_2sebk,282116,public,self,Weight load capacity,0,[],1.0,https://www.reddit.com/r/AskEngineers/comments/wvw7xi/weight_load_capacity/,all_ads,6,moderator,,,,,,
15,[],False,Best_Witness6682,,[],,text,t2_c217ym4c,False,False,False,[],False,False,1661278920,self.AskEngineers,https://www.reddit.com/r/AskEngineers/comments/wvw1fv/how_make_a_salt_gun/,{},wvw1fv,False,True,False,False,False,True,True,False,,blue,[],90a1d45a-3f64-11e5-8667-0e60d8112001,Mechanical,dark,text,False,False,False,0,0,False,all_ads,/r/AskEngineers/comments/wvw1fv/how_make_a_salt_gun/,False,6,1661278931,1,"I Dreams about the [bug a salt](https://www.amazon.fr/s?k=bug+a+salt&amp;adgrpid=55873320373&amp;gclid=Cj0KCQjw9ZGYBhCEARIsAEUXITUClbisq_lhImxOr6keAdIIr42f1ktnHz_zSW1yGpzFckQgrbOm6XAaAo-yEALw_wcB&amp;hvadid=275329397036&amp;hvdev=m&amp;hvlocphy=9056195&amp;hvnetw=g&amp;hvqmt=e&amp;hvrand=17148078626743780807&amp;hvtargid=kwd-299140809786&amp;hydadcr=17700_1732734&amp;tag=hydrfrspg-21&amp;ref=pd_sl_i20p11u2m_e) gun but I don't have 120$. There is a not too hard way to do it oneself ?
Shoot flies with salt",True,False,False,AskEngineers,t5_2sebk,282114,public,self,How make a salt gun ?,0,[],1.0,https://www.reddit.com/r/AskEngineers/comments/wvw1fv/how_make_a_salt_gun/,all_ads,6,,,,,,,
16,[],False,nabbynab,,[],,text,t2_ghxrc,False,False,False,[],False,False,1661276777,self.AskEngineers,https://www.reddit.com/r/AskEngineers/comments/wvv5xd/issues_with_diy_load_cells/,{},wvv5xd,False,True,False,False,False,True,True,False,,purple,[],3a6acd0c-fd28-11e6-ab41-0edc7e2b18fe,Electrical,dark,text,False,False,True,0,0,False,all_ads,/r/AskEngineers/comments/wvv5xd/issues_with_diy_load_cells/,False,6,1661276788,1,"I received 20 homemade load cells from colleagues across the country. Some of the load cells are made with 120 ohm gauges and some with 350 ohm gauges. Aside from that, I have no info on them. No sensitivity, no gauge factors, not even the specific material type. I tried calculating the sensitivity myself with generic numbers but the results were off. 

Next, I used a calibrated load cell and tried to find cal factors for all the load cells to convert output voltage to lbf. The results were linear but not repeatable. 

Am I missing anything or are these just not reliable? I've made and used DIY load cells in the past but it's been years and now I use mostly commercial products. The people I got them from received them from someone else and they had no luck but also no experience with load cells so they sent them here. 

I just want to see if they're salvageable. For what it's worth, the strain gauges look like they've been installed correctly and check out on a multimeter.",True,False,False,AskEngineers,t5_2sebk,282113,public,self,Issues with DIY Load Cells,0,[],1.0,https://www.reddit.com/r/AskEngineers/comments/wvv5xd/issues_with_diy_load_cells/,all_ads,6,,,,,,,
17,[],False,AztecAutomation,,[],,text,t2_lpwl4hyn,False,False,False,[],False,False,1661275549,self.AskEngineers,https://www.reddit.com/r/AskEngineers/comments/wvuns9/is_deltawye_configuration_irrelevant_when_it/,{},wvuns9,False,True,False,False,False,True,True,False,,purple,[],3a6acd0c-fd28-11e6-ab41-0edc7e2b18fe,Electrical,dark,text,False,False,True,0,0,False,all_ads,/r/AskEngineers/comments/wvuns9/is_deltawye_configuration_irrelevant_when_it/,False,6,1661275559,1,"Let's say that our load is a 200 Amp panel feeding from a 50 Amp breaker (480VAC). I would assume, two wires (two hots/phases) from the 50 A breaker would connect to the primary side of a 35 KVA transformer, while the the secondary side will connect 3 wires (two hots and a neutral) to the 200 Amp panel right?",True,False,False,AskEngineers,t5_2sebk,282111,public,self,Is Delta-Wye configuration irrelevant when it comes to single-phase transformers?,0,[],1.0,https://www.reddit.com/r/AskEngineers/comments/wvuns9/is_deltawye_configuration_irrelevant_when_it/,all_ads,6,,,,,,,
18,[],False,L2Bama,,[],,text,t2_ee4c5k70,False,False,False,[],False,False,1661273348,self.AskEngineers,https://www.reddit.com/r/AskEngineers/comments/wvtr4r/masters_in_public_health/,{},wvtr4r,False,False,False,False,False,False,True,False,,blue,[],b251a614-57f9-11e4-b47b-12313b0e9678,Discussion,dark,text,False,False,True,1,0,False,all_ads,/r/AskEngineers/comments/wvtr4r/masters_in_public_health/,False,6,1661273358,1,[removed],True,False,False,AskEngineers,t5_2sebk,282108,public,self,Masters in Public Health,0,[],1.0,https://www.reddit.com/r/AskEngineers/comments/wvtr4r/masters_in_public_health/,all_ads,6,moderator,,,,,,
19,[],False,TeamPete202X,,[],,text,t2_n2m3uboq,False,False,False,[],False,False,1661270793,self.AskEngineers,https://www.reddit.com/r/AskEngineers/comments/wvsooo/are_engineers_here_concerned_about_their_jobs/,{},wvsooo,False,False,False,False,False,False,True,False,,blue,[],b251a614-57f9-11e4-b47b-12313b0e9678,Discussion,dark,text,False,False,True,1,0,False,all_ads,/r/AskEngineers/comments/wvsooo/are_engineers_here_concerned_about_their_jobs/,False,6,1661270804,1,[removed],True,False,False,AskEngineers,t5_2sebk,282106,public,self,Are engineers here concerned about their jobs being potentially outsourced?,0,[],1.0,https://www.reddit.com/r/AskEngineers/comments/wvsooo/are_engineers_here_concerned_about_their_jobs/,all_ads,6,moderator,,,,,,
20,[],False,Hopeful_County_752,,[],,text,t2_meksb554,False,False,False,[],False,False,1661270271,self.AskEngineers,https://www.reddit.com/r/AskEngineers/comments/wvsgko/cooling_capacity_of_freezer/,{},wvsgko,False,False,False,False,False,False,True,False,,blue,[],90a1d45a-3f64-11e5-8667-0e60d8112001,Mechanical,dark,text,False,False,True,1,0,False,all_ads,/r/AskEngineers/comments/wvsgko/cooling_capacity_of_freezer/,False,6,1661270281,1,[removed],True,False,False,AskEngineers,t5_2sebk,282105,public,self,Cooling Capacity of freezer,0,[],1.0,https://www.reddit.com/r/AskEngineers/comments/wvsgko/cooling_capacity_of_freezer/,all_ads,6,moderator,,,,,,
21,[],False,Hopeful_County_752,,[],,text,t2_meksb554,False,False,False,[],False,False,1661270029,self.AskEngineers,https://www.reddit.com/r/AskEngineers/comments/wvsd22/cooling_capacity_of_a_freezer_that_will_contain/,{},wvsd22,False,False,False,False,False,False,True,False,,blue,[],90a1d45a-3f64-11e5-8667-0e60d8112001,Mechanical,dark,text,False,False,True,1,0,False,all_ads,/r/AskEngineers/comments/wvsd22/cooling_capacity_of_a_freezer_that_will_contain/,False,6,1661270040,1,[removed],True,False,False,AskEngineers,t5_2sebk,282105,public,self,Cooling Capacity of a freezer that will contain beef burgers.,0,[],1.0,https://www.reddit.com/r/AskEngineers/comments/wvsd22/cooling_capacity_of_a_freezer_that_will_contain/,all_ads,6,moderator,,,,,,
22,[],False,SniffSniffDrBumSmell,,[],,text,t2_j6t3z169,False,False,False,[],False,False,1661266709,self.AskEngineers,https://www.reddit.com/r/AskEngineers/comments/wvr06p/why_is_phone_charging_time_not_linear/,{},wvr06p,False,True,False,False,False,True,True,False,,purple,[],3a6acd0c-fd28-11e6-ab41-0edc7e2b18fe,Electrical,dark,text,False,False,True,0,0,False,all_ads,/r/AskEngineers/comments/wvr06p/why_is_phone_charging_time_not_linear/,False,6,1661266720,1,"If my phone can charge from 0-50% in 20 minutes, why does it need 2 hours to fully charge? (Arbitrary values)",True,False,False,AskEngineers,t5_2sebk,282094,public,self,Why is phone charging time not linear?,0,[],1.0,https://www.reddit.com/r/AskEngineers/comments/wvr06p/why_is_phone_charging_time_not_linear/,all_ads,6,,,,,,,
23,[],False,Newt573,,[],,text,t2_ivaqkj4n,False,False,False,[],False,False,1661266332,self.AskEngineers,https://www.reddit.com/r/AskEngineers/comments/wvqusm/career_choice_between_a_financial_actuarial/,{},wvqusm,False,False,False,False,False,False,True,False,,blue,[],b251a614-57f9-11e4-b47b-12313b0e9678,Discussion,dark,text,False,False,True,1,0,False,all_ads,/r/AskEngineers/comments/wvqusm/career_choice_between_a_financial_actuarial/,False,6,1661266343,1,[removed],True,False,False,AskEngineers,t5_2sebk,282094,public,self,Career choice between a financial (actuarial) career path and infosec engineering ?,0,[],1.0,https://www.reddit.com/r/AskEngineers/comments/wvqusm/career_choice_between_a_financial_actuarial/,all_ads,6,moderator,,,,,,
24,[],False,BrilliantAdvantage45,,[],,text,t2_651drf3t,False,False,False,[],False,False,1661265928,self.AskEngineers,https://www.reddit.com/r/AskEngineers/comments/wvqoyh/powdercoating_pain_in_my_ass/,{},wvqoyh,False,True,False,False,False,True,True,False,,blue,[],90a1d45a-3f64-11e5-8667-0e60d8112001,Mechanical,dark,text,False,False,True,0,0,False,all_ads,/r/AskEngineers/comments/wvqoyh/powdercoating_pain_in_my_ass/,False,6,1661265938,1,"Dear engineers of Reddit. How do you deal with varying powdercoat thickness in the products you design? I have multiple supplier for parts and each supplier's powdercoat thickness varies from 3thou to 15thou.

I am finding it impossible to design for this variation.... HELP",True,False,False,AskEngineers,t5_2sebk,282093,public,self,Powdercoating - pain in my ass,0,[],1.0,https://www.reddit.com/r/AskEngineers/comments/wvqoyh/powdercoating_pain_in_my_ass/,all_ads,6,,,,,,,
25,[],False,thoughtdrops,,[],,text,t2_6lhgba9,False,False,False,[],False,False,1661265287,self.AskEngineers,https://www.reddit.com/r/AskEngineers/comments/wvqflu/can_someone_help_me_understand_why_the_bruce/,{},wvqflu,False,True,False,False,False,True,True,False,,blue,[],b251a614-57f9-11e4-b47b-12313b0e9678,Discussion,dark,text,False,False,False,0,0,False,all_ads,/r/AskEngineers/comments/wvqflu/can_someone_help_me_understand_why_the_bruce/,False,6,1661265297,1,,True,False,False,AskEngineers,t5_2sebk,282091,public,self,"Can someone help me understand why the bruce depalma ""n machine"" wouldnt work?",0,[],1.0,https://www.reddit.com/r/AskEngineers/comments/wvqflu/can_someone_help_me_understand_why_the_bruce/,all_ads,6,,,,,,,
26,[],False,Goodberry55555,,[],,text,t2_r4bn3p6s,False,False,False,[],False,False,1661264033,self.AskEngineers,https://www.reddit.com/r/AskEngineers/comments/wvpxfe/career_help_not_working_much_at_small_firm/,{},wvpxfe,False,False,False,False,False,False,True,False,,blue,[],b251a614-57f9-11e4-b47b-12313b0e9678,Discussion,dark,text,False,False,True,1,0,False,all_ads,/r/AskEngineers/comments/wvpxfe/career_help_not_working_much_at_small_firm/,False,6,1661264043,1,[removed],True,False,False,AskEngineers,t5_2sebk,282089,public,self,Career Help: Not working much at small firm,0,[],1.0,https://www.reddit.com/r/AskEngineers/comments/wvpxfe/career_help_not_working_much_at_small_firm/,all_ads,6,moderator,,,,,,
27,[],False,a_rolling_stone_305,,[],,text,t2_6laigklw,False,False,False,[],False,False,1661263149,self.AskEngineers,https://www.reddit.com/r/AskEngineers/comments/wvpjz1/how_do_i_collect_temperature_data_from_10/,{},wvpjz1,False,False,False,False,False,False,True,False,,purple,[],3a6acd0c-fd28-11e6-ab41-0edc7e2b18fe,Electrical,dark,text,False,False,True,1,0,False,all_ads,/r/AskEngineers/comments/wvpjz1/how_do_i_collect_temperature_data_from_10/,False,6,1661263159,1,[removed],True,False,False,AskEngineers,t5_2sebk,282087,public,self,How do I collect temperature data from 10 thermocouples at the same instant and note the time at that instant?,0,[],1.0,https://www.reddit.com/r/AskEngineers/comments/wvpjz1/how_do_i_collect_temperature_data_from_10/,all_ads,6,moderator,,,,,,
28,[],False,Gray32339,,[],,text,t2_3odywshz,False,False,False,[],False,False,1661258581,self.AskEngineers,https://www.reddit.com/r/AskEngineers/comments/wvnufc/what_is_being_a_materials_engineer_like/,{},wvnufc,False,True,False,False,False,True,True,False,,blue,[],b251a614-57f9-11e4-b47b-12313b0e9678,Discussion,dark,text,False,False,True,0,0,False,all_ads,/r/AskEngineers/comments/wvnufc/what_is_being_a_materials_engineer_like/,False,6,1661258591,1,"I am currently a junior in high school and I am looking into going into materials engineering. I'm wondering, what is it like? Obviously CAD and Design is a big part, but besides that what is the daily work of a materials engineer, and what advantages does it have over other fields?",True,False,False,AskEngineers,t5_2sebk,282087,public,self,What is being a materials engineer like?,0,[],1.0,https://www.reddit.com/r/AskEngineers/comments/wvnufc/what_is_being_a_materials_engineer_like/,all_ads,6,,,,,,,
29,[],False,Odd-Improvement-4854,,[],,text,t2_74e04u1v,False,False,False,[],False,False,1661256976,self.AskEngineers,https://www.reddit.com/r/AskEngineers/comments/wvn9ry/in_a_hydronic_system_is_pressure_drop_across_a/,{},wvn9ry,False,True,False,False,False,True,True,False,,blue,[],90a1d45a-3f64-11e5-8667-0e60d8112001,Mechanical,dark,text,False,False,True,0,0,False,all_ads,/r/AskEngineers/comments/wvn9ry/in_a_hydronic_system_is_pressure_drop_across_a/,False,6,1661256986,1,,True,False,False,AskEngineers,t5_2sebk,282084,public,self,"In a hydronic system, is 'pressure drop' across a valve referring to a drop in static pressure or dynamic pressure? Or is it both? If it it both how do you know how much each type of pressure is dropped by?",0,[],1.0,https://www.reddit.com/r/AskEngineers/comments/wvn9ry/in_a_hydronic_system_is_pressure_drop_across_a/,all_ads,6,,,,,,,
30,[],False,Loki_Lugnut,,[],,text,t2_3rzdnx4u,False,False,False,[],False,False,1661252529,self.AskEngineers,https://www.reddit.com/r/AskEngineers/comments/wvltjr/seasoned_engineers_of_reddit_youre_told_the/,{},wvltjr,False,True,False,False,False,True,True,False,,blue,[],b251a614-57f9-11e4-b47b-12313b0e9678,Discussion,dark,text,False,False,True,0,0,False,all_ads,/r/AskEngineers/comments/wvltjr/seasoned_engineers_of_reddit_youre_told_the/,False,6,1661252539,1,,True,False,False,AskEngineers,t5_2sebk,282077,public,self,"seasoned engineers of Reddit, you're told the company is opening up a Jr role, what personal and professional qualities are you looking for in your new colleague? (will be setting up,maintaining and designing robotic automation cells)",0,[],1.0,https://www.reddit.com/r/AskEngineers/comments/wvltjr/seasoned_engineers_of_reddit_youre_told_the/,all_ads,6,,,,,,,
31,[],False,F1Gooru,,[],,text,t2_razobr5v,False,False,False,[],False,False,1661249615,self.AskEngineers,https://www.reddit.com/r/AskEngineers/comments/wvky5e/what_should_i_call_my_engineering_epq/,{},wvky5e,False,False,False,False,False,False,True,False,,blue,[],b251a614-57f9-11e4-b47b-12313b0e9678,Discussion,dark,text,False,False,True,1,0,False,all_ads,/r/AskEngineers/comments/wvky5e/what_should_i_call_my_engineering_epq/,False,6,1661249625,1,[removed],True,False,False,AskEngineers,t5_2sebk,282080,public,self,What should I call my Engineering EPQ?,0,[],1.0,https://www.reddit.com/r/AskEngineers/comments/wvky5e/what_should_i_call_my_engineering_epq/,all_ads,6,moderator,,,,,,
32,[],False,Dependent_Trouble_99,,[],,text,t2_myjbuln8,False,False,False,[],False,False,1661240722,self.AskEngineers,https://www.reddit.com/r/AskEngineers/comments/wviizp/structural_reliability_analysis/,{},wviizp,False,False,False,False,False,False,True,False,,blue,[],90a1d45a-3f64-11e5-8667-0e60d8112001,Mechanical,dark,text,False,False,True,1,0,False,all_ads,/r/AskEngineers/comments/wviizp/structural_reliability_analysis/,False,6,1661240732,1,[removed],True,False,False,AskEngineers,t5_2sebk,282075,public,self,Structural Reliability Analysis,0,[],1.0,https://www.reddit.com/r/AskEngineers/comments/wviizp/structural_reliability_analysis/,all_ads,6,moderator,,,,,,
33,[],False,DetectiveMiserable,,[],,text,t2_7bi7uc1o,False,False,False,[],False,False,1661238027,self.AskEngineers,https://www.reddit.com/r/AskEngineers/comments/wvht75/how_is_mass_balancing_done_in_a_food_industry/,{},wvht75,False,True,False,False,False,True,True,False,,blue,[],90a1d45a-3f64-11e5-8667-0e60d8112001,Mechanical,dark,text,False,False,True,0,0,False,all_ads,/r/AskEngineers/comments/wvht75/how_is_mass_balancing_done_in_a_food_industry/,False,6,1661238037,1,"My project is to measure the wastages, leakages using mass balance. I know the theory but don't know how the data is collected. I mean the equipment, softwares used etc. What is the methodology usually taken for mass balancing?",False,False,False,AskEngineers,t5_2sebk,282074,public,self,How is mass balancing done in a food industry?,0,[],1.0,https://www.reddit.com/r/AskEngineers/comments/wvht75/how_is_mass_balancing_done_in_a_food_industry/,all_ads,6,,,,,,,
34,[],False,TMJ_1320,,[],,text,t2_r9terdqw,False,False,False,[],False,False,1661237004,self.AskEngineers,https://www.reddit.com/r/AskEngineers/comments/wvhis7/any_aeronautical_engineers_here_who_got_accepted/,{},wvhis7,False,True,False,False,False,True,True,False,,blue,[],b251a614-57f9-11e4-b47b-12313b0e9678,Discussion,dark,text,False,False,True,0,0,False,all_ads,/r/AskEngineers/comments/wvhis7/any_aeronautical_engineers_here_who_got_accepted/,False,6,1661237015,1,"Any Aeronautical Engineers here who got accepted thru Australia Skilled Independent Visa? 

How many points did you get?

How does Engineers Australia Assessment work?",True,False,False,AskEngineers,t5_2sebk,282075,public,self,Any Aeronautical Engineers here who got accepted thru Australia Skilled Independent Visa?,0,[],1.0,https://www.reddit.com/r/AskEngineers/comments/wvhis7/any_aeronautical_engineers_here_who_got_accepted/,all_ads,6,,,,,,,
35,[],False,lilslutfordaddy,,[],,text,t2_1tujjln6,False,False,False,[],False,False,1661236637,self.AskEngineers,https://www.reddit.com/r/AskEngineers/comments/wvhf3m/what_type_of_fiberglass_rod_should_one_use_to/,{},wvhf3m,False,True,False,False,False,True,True,False,,blue,[],90a1d45a-3f64-11e5-8667-0e60d8112001,Mechanical,dark,text,False,False,True,0,0,False,all_ads,/r/AskEngineers/comments/wvhf3m/what_type_of_fiberglass_rod_should_one_use_to/,False,6,1661236648,1,"I have a mobility impairment that requires I make use of a walking stick or cane somewhat often. My intention is to either make a new cane, or something that can operate equivalently to a cane.  


If I wanted to make a new, custom cane using a fiberglass rod, is there any particular diameter or specification I should look for in said rod or rods? I seldom put more than a quarter of my weight on my current cane, and I weigh somewhere around 170lbs.",True,False,False,AskEngineers,t5_2sebk,282075,public,self,What type of fiberglass rod should one use to make a walking cane?,0,[],1.0,https://www.reddit.com/r/AskEngineers/comments/wvhf3m/what_type_of_fiberglass_rod_should_one_use_to/,all_ads,6,,,,,,,
36,[],False,MooseBoring9981,,[],,text,t2_a5eo6odn,False,False,False,[],False,False,1661235330,self.AskEngineers,https://www.reddit.com/r/AskEngineers/comments/wvh1xd/if_someone_is_ill_at_your_home_and_you_are_in/,{},wvh1xd,False,True,False,False,False,True,True,False,,purple,[],6a68317a-c3cd-11e9-bf9c-0e2863fd7a72,Computer,dark,text,False,False,True,0,0,False,all_ads,/r/AskEngineers/comments/wvh1xd/if_someone_is_ill_at_your_home_and_you_are_in/,False,6,1661235340,1,,True,False,False,AskEngineers,t5_2sebk,282072,public,self,"If someone is Ill at your home and you are in Chennai and you have to deliver a presentation to an important client the same day, what will you do in such a situation? Can anybody suggest me how to reply to this question?",0,[],1.0,https://www.reddit.com/r/AskEngineers/comments/wvh1xd/if_someone_is_ill_at_your_home_and_you_are_in/,all_ads,6,,,,,,,
37,[],False,reptow,,[],,text,t2_gig0fo3v,False,False,False,[],False,False,1661233147,self.AskEngineers,https://www.reddit.com/r/AskEngineers/comments/wvgflu/help_me_i_need_ideas_to_protect_my_drone_from/,{},wvgflu,False,False,False,False,False,False,True,False,,blue,[],b251a614-57f9-11e4-b47b-12313b0e9678,Discussion,dark,text,False,False,True,1,0,False,all_ads,/r/AskEngineers/comments/wvgflu/help_me_i_need_ideas_to_protect_my_drone_from/,False,6,1661233158,1,[removed],True,False,False,AskEngineers,t5_2sebk,282069,public,self,"HELP ME, I NEED IDEAS to protect my drone from getting lost in a lake(again)",0,[],1.0,https://www.reddit.com/r/AskEngineers/comments/wvgflu/help_me_i_need_ideas_to_protect_my_drone_from/,all_ads,6,moderator,,,,,,
38,[],False,UsamaMechE,,[],,text,t2_hb8c59ao,False,False,False,[],False,False,1661232590,self.AskEngineers,https://www.reddit.com/r/AskEngineers/comments/wvg9po/is_there_a_software_in_which_i_could_do_cable/,{},wvg9po,False,False,False,False,False,False,True,False,,purple,[],3a6acd0c-fd28-11e6-ab41-0edc7e2b18fe,Electrical,dark,text,False,False,True,1,0,False,all_ads,/r/AskEngineers/comments/wvg9po/is_there_a_software_in_which_i_could_do_cable/,False,6,1661232601,1,[removed],True,False,False,AskEngineers,t5_2sebk,282069,public,self,Is there a software in which I could do cable management for a product within its CAD?,0,[],1.0,https://www.reddit.com/r/AskEngineers/comments/wvg9po/is_there_a_software_in_which_i_could_do_cable/,all_ads,6,moderator,,,,,,
39,[],False,reptow,,[],,text,t2_gig0fo3v,False,False,False,[],False,False,1661232385,self.AskEngineers,https://www.reddit.com/r/AskEngineers/comments/wvg7nf/what_is_some_glue_that_purposely_dissolves_under/,{},wvg7nf,False,False,False,False,False,False,True,False,,blue,[],b251a614-57f9-11e4-b47b-12313b0e9678,Discussion,dark,text,False,False,True,1,0,False,all_ads,/r/AskEngineers/comments/wvg7nf/what_is_some_glue_that_purposely_dissolves_under/,False,6,1661232396,1,[removed],True,False,False,AskEngineers,t5_2sebk,282069,public,self,What is some glue that purposely dissolves under water,0,[],1.0,https://www.reddit.com/r/AskEngineers/comments/wvg7nf/what_is_some_glue_that_purposely_dissolves_under/,all_ads,6,moderator,,,,,,
40,[],False,OverlordWhiteside,,[],,text,t2_5f8qljw2,False,False,False,[],False,False,1661230884,self.AskEngineers,https://www.reddit.com/r/AskEngineers/comments/wvfry2/does_plugging_a_110v_to_a_220v_really_break_the/,{},wvfry2,False,False,False,False,False,False,True,False,,purple,[],3a6acd0c-fd28-11e6-ab41-0edc7e2b18fe,Electrical,dark,text,False,False,True,1,0,False,all_ads,/r/AskEngineers/comments/wvfry2/does_plugging_a_110v_to_a_220v_really_break_the/,False,6,1661230895,1,[removed],True,False,False,AskEngineers,t5_2sebk,282067,public,self,Does plugging a 110v to a 220v really break the device itself?,0,[],1.0,https://www.reddit.com/r/AskEngineers/comments/wvfry2/does_plugging_a_110v_to_a_220v_really_break_the/,all_ads,6,moderator,,,,,,
41,[],False,OverlordWhiteside,,[],,text,t2_5f8qljw2,False,False,False,[],False,False,1661230445,self.AskEngineers,https://www.reddit.com/r/AskEngineers/comments/wvfmwv/plugged_device_in_wrong_outlet/,{},wvfmwv,False,False,False,False,False,False,True,False,,purple,[],3a6acd0c-fd28-11e6-ab41-0edc7e2b18fe,Electrical,dark,text,False,False,True,1,0,False,all_ads,/r/AskEngineers/comments/wvfmwv/plugged_device_in_wrong_outlet/,False,6,1661230455,1,[removed],True,False,False,AskEngineers,t5_2sebk,282066,public,self,Plugged device in wrong outlet,0,[],1.0,https://www.reddit.com/r/AskEngineers/comments/wvfmwv/plugged_device_in_wrong_outlet/,all_ads,6,moderator,,,,,,
42,[],False,ickda,,[],,text,t2_aepbu,False,False,False,[],False,False,1661224576,self.AskEngineers,https://www.reddit.com/r/AskEngineers/comments/wvdprv/steam_cars_are_no_good_because_we_maxed_that_tech/,{},wvdprv,False,True,False,False,False,True,True,False,,blue,[],90a1d45a-3f64-11e5-8667-0e60d8112001,Mechanical,dark,text,False,False,False,0,0,False,all_ads,/r/AskEngineers/comments/wvdprv/steam_cars_are_no_good_because_we_maxed_that_tech/,False,6,1661224587,1,"For a tech that could duo 200  mph in the 20s, that is such a cop out response to why steam cars never got a second chance but electric did.



The last steam car took less then five minutes to start cold.


Think we can boil water faster then that. So that's at least one improvement to the design.


Water condensers. Could those be improved compared to the past? To turn steam bac to water, so that the tank last longer.




In short i think steam is far better then electric. It can be just as eco friendly  as electric, and last i heard its 90 something percent efficient.",True,False,False,AskEngineers,t5_2sebk,282065,public,self,"""Steam cars are no good, because we maxed that tech tree out.""",0,[],1.0,https://www.reddit.com/r/AskEngineers/comments/wvdprv/steam_cars_are_no_good_because_we_maxed_that_tech/,all_ads,6,,,,,,,
43,[],False,Embarrassed-Season76,,[],,text,t2_eew221v5,False,False,False,[],False,False,1661224420,self.AskEngineers,https://www.reddit.com/r/AskEngineers/comments/wvdnud/what_percent_of_you_actually_engineer_shit/,{},wvdnud,False,True,False,False,False,True,True,False,,blue,[],b251a614-57f9-11e4-b47b-12313b0e9678,Discussion,dark,text,False,False,False,0,0,False,all_ads,/r/AskEngineers/comments/wvdnud/what_percent_of_you_actually_engineer_shit/,False,6,1661224431,1,"The extent of engineerining for me is pretty much looking redlining P&amp;ID’s but the rest is just project management stuff. Curious as to 1. What your role title is, and 2. How technical your role is?",True,False,False,AskEngineers,t5_2sebk,282065,public,self,What percent of you actually engineer shit?,0,[],1.0,https://www.reddit.com/r/AskEngineers/comments/wvdnud/what_percent_of_you_actually_engineer_shit/,all_ads,6,,,,,,,
44,[],False,ScardLittleKid,,[],,text,t2_c0siyby9,False,False,False,[],False,False,1661223633,self.AskEngineers,https://www.reddit.com/r/AskEngineers/comments/wvddsi/how_easy_or_difficult_is_it_for_an_american/,{},wvddsi,False,False,False,False,False,False,True,False,,blue,[],b251a614-57f9-11e4-b47b-12313b0e9678,Discussion,dark,text,False,False,True,1,0,False,all_ads,/r/AskEngineers/comments/wvddsi/how_easy_or_difficult_is_it_for_an_american/,False,6,1661223644,1,[removed],True,False,False,AskEngineers,t5_2sebk,282064,public,self,How Easy or Difficult is it for an American Aerospace Engineer to get a job in another country?,0,[],1.0,https://www.reddit.com/r/AskEngineers/comments/wvddsi/how_easy_or_difficult_is_it_for_an_american/,all_ads,6,moderator,,,,,,
45,[],False,rippinandrollin,,[],,text,t2_m7lvlv0j,False,False,False,[],False,False,1661213827,self.AskEngineers,https://www.reddit.com/r/AskEngineers/comments/wv9rtf/bs_in_mechatronics_et_or_as_mechatronics_et_bs_in/,{},wv9rtf,False,False,False,False,False,False,True,False,,blue,[],b251a614-57f9-11e4-b47b-12313b0e9678,Discussion,dark,text,False,False,True,1,0,False,all_ads,/r/AskEngineers/comments/wv9rtf/bs_in_mechatronics_et_or_as_mechatronics_et_bs_in/,False,6,1661213839,1,[removed],True,False,False,AskEngineers,t5_2sebk,282051,public,self,B.S. in Mechatronics ET or A.S. Mechatronics ET+ B.S. in management?,0,[],1.0,https://www.reddit.com/r/AskEngineers/comments/wv9rtf/bs_in_mechatronics_et_or_as_mechatronics_et_bs_in/,all_ads,6,moderator,,,,,,
46,[],False,rippinandrollin,,[],,text,t2_m7lvlv0j,False,False,False,[],False,False,1661213737,self.AskEngineers,https://www.reddit.com/r/AskEngineers/comments/wv9qnp/bs_in_mechatronics_et_or_as_mechatronics_et_bs_in/,{},wv9qnp,False,False,False,False,False,False,True,False,,blue,[],b251a614-57f9-11e4-b47b-12313b0e9678,Discussion,dark,text,False,False,True,1,0,False,all_ads,/r/AskEngineers/comments/wv9qnp/bs_in_mechatronics_et_or_as_mechatronics_et_bs_in/,False,6,1661213748,1,[removed],True,False,False,AskEngineers,t5_2sebk,282050,public,self,B.S. in Mechatronics ET or A.S. Mechatronics ET+ B.S. in management?,0,[],1.0,https://www.reddit.com/r/AskEngineers/comments/wv9qnp/bs_in_mechatronics_et_or_as_mechatronics_et_bs_in/,all_ads,6,moderator,,,,,,
47,[],False,MuseMM,,[],,text,t2_57x41eum,False,False,False,[],False,False,1661211467,self.AskEngineers,https://www.reddit.com/r/AskEngineers/comments/wv8w24/what_if_smartphones_have_batteries_which/,{},wv8w24,False,False,False,False,False,False,True,False,,blue,[],b251a614-57f9-11e4-b47b-12313b0e9678,Discussion,dark,text,False,False,True,1,0,False,all_ads,/r/AskEngineers/comments/wv8w24/what_if_smartphones_have_batteries_which/,False,6,1661211478,1,[removed],True,False,False,AskEngineers,t5_2sebk,282050,public,self,"What if smartphones have batteries which electricity is as much as one house use, how much smartphone can change?",0,[],1.0,https://www.reddit.com/r/AskEngineers/comments/wv8w24/what_if_smartphones_have_batteries_which/,all_ads,6,moderator,,,,,,
48,[],False,bluejay737,,[],,text,t2_1v26b709,False,False,False,[],False,False,1661211108,self.AskEngineers,https://www.reddit.com/r/AskEngineers/comments/wv8r9g/spacex_and_tesla_worklife_balance/,{},wv8r9g,False,True,False,False,False,True,True,False,,blue,[],b251a614-57f9-11e4-b47b-12313b0e9678,Discussion,dark,text,False,False,False,0,0,False,all_ads,/r/AskEngineers/comments/wv8r9g/spacex_and_tesla_worklife_balance/,False,6,1661211118,1,"What is SpaceX and Tesla's workplace setting like? Are the engineers working more than 40+ a week? I recently interviewed for SpaceX, but they state working on weekends is a possible.

How is management, are they strict and what's the culture like over there?",True,False,False,AskEngineers,t5_2sebk,282050,public,self,SpaceX and Tesla Work-Life Balance,0,[],1.0,https://www.reddit.com/r/AskEngineers/comments/wv8r9g/spacex_and_tesla_worklife_balance/,all_ads,6,,,,,,,
49,[],False,Winter_Jackfruit_563,,[],,text,t2_bt97lf4b,False,False,False,[],False,False,1661206410,self.AskEngineers,https://www.reddit.com/r/AskEngineers/comments/wv6vrl/electrical_engineering_jobs_and_salary_in/,{},wv6vrl,False,False,False,False,False,False,True,False,,purple,[],3a6acd0c-fd28-11e6-ab41-0edc7e2b18fe,Electrical,dark,text,False,False,True,1,0,False,all_ads,/r/AskEngineers/comments/wv6vrl/electrical_engineering_jobs_and_salary_in/,False,6,1661206421,1,[removed],True,False,False,AskEngineers,t5_2sebk,282045,public,self,Electrical engineering jobs and salary in renewable/sustainable energy?,0,[],1.0,https://www.reddit.com/r/AskEngineers/comments/wv6vrl/electrical_engineering_jobs_and_salary_in/,all_ads,6,moderator,,,,,,
50,[],False,MiserableAd3326,,[],,text,t2_8ff7hzsa,False,False,False,[],False,False,1661205693,self.AskEngineers,https://www.reddit.com/r/AskEngineers/comments/wv6l2o/i_hold_a_secret_clearance_and_got_a_citation/,{},wv6l2o,False,True,False,False,False,True,True,False,,orange,[],939137fa-3f64-11e5-b90e-0ef63926eacd,Civil,dark,text,False,False,True,0,0,False,all_ads,/r/AskEngineers/comments/wv6l2o/i_hold_a_secret_clearance_and_got_a_citation/,False,6,1661205703,1,,True,False,False,AskEngineers,t5_2sebk,282045,public,self,I hold a secret clearance and got a citation yesterday for a “Open Alcohol Container” while at the beach. (I was not driving) It is an infraction and the ticket is less than the $300 mark that states we must report it on the SF86 form. Do I have to report this since it involved alcohol?,0,[],1.0,https://www.reddit.com/r/AskEngineers/comments/wv6l2o/i_hold_a_secret_clearance_and_got_a_citation/,all_ads,6,,,,,,,
51,[],False,CursedLemon,,[],,text,t2_7idfy,False,False,False,[],False,False,1661204918,self.AskEngineers,https://www.reddit.com/r/AskEngineers/comments/wv695t/are_there_any_other_ways_you_can_generate_huge/,{},wv695t,False,True,False,False,False,True,True,False,,blue,[],90a1d45a-3f64-11e5-8667-0e60d8112001,Mechanical,dark,text,False,False,True,0,0,False,all_ads,/r/AskEngineers/comments/wv695t/are_there_any_other_ways_you_can_generate_huge/,False,6,1661204928,1,"Inspired by watching videos of tools like drill speed selectors and portable rebar cutters, even inside a gearbox there is still an initial gear that is running at a high speed to generate low-speed force. 

Is this able to be accomplished in *any* other way?",True,False,False,AskEngineers,t5_2sebk,282045,public,self,Are there any other ways you can generate huge amounts of torque or (slow-moving) linear mechanical force besides gears?,0,[],1.0,https://www.reddit.com/r/AskEngineers/comments/wv695t/are_there_any_other_ways_you_can_generate_huge/,all_ads,6,,,,,,,
52,[],False,hitchbot_in_heaven,,[],,text,t2_fwxdd55t,False,False,False,[],False,False,1661204485,self.engineering,https://www.reddit.com/r/AskEngineers/comments/wv62o8/eo_insurance_recommendations/,{},wv62o8,False,False,False,False,False,False,False,False,,blue,[],b251a614-57f9-11e4-b47b-12313b0e9678,Discussion,dark,text,False,False,True,1,0,False,all_ads,/r/AskEngineers/comments/wv62o8/eo_insurance_recommendations/,False,6,1661204496,1,,True,False,False,AskEngineers,t5_2sebk,282044,public,default,E/O Insurance Recommendations?,0,[],1.0,/r/engineering/comments/wv5tf2/eo_insurance_recommendations/,all_ads,6,moderator,t3_wv5tf2,"[{'all_awardings': [], 'allow_live_comments': False, 'approved_at_utc': None, 'approved_by': None, 'archived': False, 'author': 'hitchbot_in_heaven', 'author_flair_background_color': None, 'author_flair_css_class': None, 'author_flair_richtext': [], 'author_flair_template_id': None, 'author_flair_text': None, 'author_flair_text_color': None, 'author_flair_type': 'text', 'author_fullname': 't2_fwxdd55t', 'author_is_blocked': False, 'author_patreon_flair': False, 'author_premium': False, 'awarders': [], 'banned_at_utc': None, 'banned_by': None, 'can_gild': True, 'can_mod_post': False, 'category': None, 'clicked': False, 'content_categories': None, 'contest_mode': False, 'created': 1661203851.0, 'created_utc': 1661203851.0, 'discussion_type': None, 'distinguished': None, 'domain': 'self.engineering', 'downs': 0, 'edited': 1661204170.0, 'gilded': 0, 'gildings': {}, 'hidden': False, 'hide_score': True, 'id': 'wv5tf2', 'is_created_from_ads_ui': False, 'is_crosspostable': True, 'is_meta': False, 'is_original_content': False, 'is_reddit_media_domain': False, 'is_robot_indexable': True, 'is_self': True, 'is_video': False, 'likes': None, 'link_flair_background_color': '', 'link_flair_css_class': 'manage', 'link_flair_richtext': [], 'link_flair_template_id': 'e31d4284-684e-11e4-9b94-12313b0abe93', 'link_flair_text': '[MANAGEMENT]', 'link_flair_text_color': 'dark', 'link_flair_type': 'text', 'locked': False, 'media': None, 'media_embed': {}, 'media_only': False, 'mod_note': None, 'mod_reason_by': None, 'mod_reason_title': None, 'mod_reports': [], 'name': 't3_wv5tf2', 'no_follow': True, 'num_comments': 0, 'num_crossposts': 4, 'num_reports': None, 'over_18': False, 'parent_whitelist_status': 'all_ads', 'permalink': '/r/engineering/comments/wv5tf2/eo_insurance_recommendations/', 'pinned': False, 'pwls': 6, 'quarantine': False, 'removal_reason': None, 'removed_by': None, 'removed_by_category': None, 'report_reasons': None, 'saved': False, 'score': 1, 'secure_media': None, 'secure_media_embed': {}, 'selftext': ""I'm looking for new E/O (professional liability) insurance (single engineer, private practice/side business, in Pennsylvania.  Any recommendations?"", 'selftext_html': '&lt;!-- SC_OFF --&gt;&lt;div class=""md""&gt;&lt;p&gt;I&amp;#39;m looking for new E/O (professional liability) insurance (single engineer, private practice/side business, in Pennsylvania.  Any recommendations?&lt;/p&gt;\n&lt;/div&gt;&lt;!-- SC_ON --&gt;', 'send_replies': True, 'spoiler': False, 'stickied': False, 'subreddit': 'engineering', 'subreddit_id': 't5_2qhpi', 'subreddit_name_prefixed': 'r/engineering', 'subreddit_subscribers': 412742, 'subreddit_type': 'public', 'suggested_sort': None, 'thumbnail': 'self', 'thumbnail_height': None, 'thumbnail_width': None, 'title': 'E/O Insurance Recommendations?', 'top_awarded_type': None, 'total_awards_received': 0, 'treatment_tags': [], 'ups': 1, 'upvote_ratio': 1.0, 'url': 'https://www.reddit.com/r/engineering/comments/wv5tf2/eo_insurance_recommendations/', 'user_reports': [], 'view_count': None, 'visited': False, 'whitelist_status': 'all_ads', 'wls': 6}]",/r/engineering/comments/wv5tf2/eo_insurance_recommendations/,,,
53,[],False,Free_Reflection_1312,,[],,text,t2_hsup0awy,False,False,False,[],False,False,1661204313,self.AskEngineers,https://www.reddit.com/r/AskEngineers/comments/wv602v/how_much_thrust_to_lift_a_person/,{},wv602v,False,False,False,False,False,False,True,False,,blue,[],b251a614-57f9-11e4-b47b-12313b0e9678,Discussion,dark,text,False,False,True,1,0,False,all_ads,/r/AskEngineers/comments/wv602v/how_much_thrust_to_lift_a_person/,False,6,1661204324,1,[removed],True,False,False,AskEngineers,t5_2sebk,282043,public,self,How much thrust to lift a person?,0,[],1.0,https://www.reddit.com/r/AskEngineers/comments/wv602v/how_much_thrust_to_lift_a_person/,all_ads,6,moderator,,,,,,
54,[],False,Zarik8256,,[],,text,t2_5x1zmgmy,False,False,False,[],False,False,1661204233,self.AskEngineers,https://www.reddit.com/r/AskEngineers/comments/wv5yzm/how_much_thrust_to_lift_a_person/,{},wv5yzm,False,False,False,False,False,False,True,False,,blue,[],b251a614-57f9-11e4-b47b-12313b0e9678,Discussion,dark,text,False,False,True,1,0,False,all_ads,/r/AskEngineers/comments/wv5yzm/how_much_thrust_to_lift_a_person/,False,6,1661204244,1,[removed],True,False,False,AskEngineers,t5_2sebk,282042,public,self,How much thrust to lift a person?,0,[],1.0,https://www.reddit.com/r/AskEngineers/comments/wv5yzm/how_much_thrust_to_lift_a_person/,all_ads,6,moderator,,,,,,
55,[],False,Zarik8256,,[],,text,t2_5x1zmgmy,False,False,False,[],False,False,1661203462,self.AskEngineers,https://www.reddit.com/r/AskEngineers/comments/wv5ngw/how_much_thrust_to_lift_a_person/,{},wv5ngw,False,False,False,False,False,False,True,False,,blue,[],b251a614-57f9-11e4-b47b-12313b0e9678,Discussion,dark,text,False,False,True,1,0,False,all_ads,/r/AskEngineers/comments/wv5ngw/how_much_thrust_to_lift_a_person/,False,6,1661203472,1,[removed],True,False,False,AskEngineers,t5_2sebk,282041,public,self,How much thrust to lift a person?,0,[],1.0,https://www.reddit.com/r/AskEngineers/comments/wv5ngw/how_much_thrust_to_lift_a_person/,all_ads,6,moderator,,,,,,
56,[],False,friscodog11,,[],,text,t2_4jsuq5ad,False,False,False,[],False,False,1661201986,self.AskEngineers,https://www.reddit.com/r/AskEngineers/comments/wv50mm/what_size_header_for_a_20foot_patio/,{},wv50mm,False,False,False,False,False,False,True,False,,blue,[],b251a614-57f9-11e4-b47b-12313b0e9678,Discussion,dark,text,False,False,True,1,0,False,all_ads,/r/AskEngineers/comments/wv50mm/what_size_header_for_a_20foot_patio/,False,6,1661201996,1,[removed],True,False,False,AskEngineers,t5_2sebk,282039,public,self,What size header for a 20-foot patio?,0,[],1.0,https://www.reddit.com/r/AskEngineers/comments/wv50mm/what_size_header_for_a_20foot_patio/,all_ads,6,moderator,,,,,,
57,[],False,friscodog11,,[],,text,t2_4jsuq5ad,False,False,False,[],False,False,1661201720,self.AskEngineers,https://www.reddit.com/r/AskEngineers/comments/wv4wqh/what_size_header_for_a_patio/,{},wv4wqh,False,False,False,False,False,False,True,False,,blue,[],b251a614-57f9-11e4-b47b-12313b0e9678,Discussion,dark,text,False,False,True,1,0,False,all_ads,/r/AskEngineers/comments/wv4wqh/what_size_header_for_a_patio/,False,6,1661201730,1,[removed],True,False,False,AskEngineers,t5_2sebk,282039,public,self,What size header for a patio?,0,[],1.0,https://www.reddit.com/r/AskEngineers/comments/wv4wqh/what_size_header_for_a_patio/,all_ads,6,moderator,,,,,,
58,[],False,Legitimate-Jaguar-61,,[],,text,t2_kd7rxhzb,False,False,False,[],False,False,1661201637,self.AskEngineers,https://www.reddit.com/r/AskEngineers/comments/wv4vit/how_to_turn_onoff_electrical_appliances_via/,{},wv4vit,False,True,False,False,False,True,True,False,,purple,[],3a6acd0c-fd28-11e6-ab41-0edc7e2b18fe,Electrical,dark,text,False,False,True,0,0,False,all_ads,/r/AskEngineers/comments/wv4vit/how_to_turn_onoff_electrical_appliances_via/,False,6,1661201647,1,"We have a site which is 2km away from the base location and we have an optical fibre connecting both places for security cameras. We are looking for a means to turn on/off lights and water pumps from the base location. 

One possible way is to use a timer and set times, but as we already have an optical fibre line running across, is there any way we can utilize it for this requirement? There are extra leads in the fibre.",True,False,False,AskEngineers,t5_2sebk,282038,public,self,How to turn on/off electrical appliances via optical fibre and other necessary smart plugs or switches.,0,[],1.0,https://www.reddit.com/r/AskEngineers/comments/wv4vit/how_to_turn_onoff_electrical_appliances_via/,all_ads,6,,,,,,,
59,[],False,friscodog11,,[],,text,t2_4jsuq5ad,False,False,False,[],False,False,1661201596,self.AskEngineers,https://www.reddit.com/r/AskEngineers/comments/wv4uxf/patio_header/,{},wv4uxf,False,False,False,False,False,False,True,False,,blue,[],b251a614-57f9-11e4-b47b-12313b0e9678,Discussion,dark,text,False,False,True,1,0,False,all_ads,/r/AskEngineers/comments/wv4uxf/patio_header/,False,6,1661201607,1,[removed],True,False,False,AskEngineers,t5_2sebk,282038,public,self,PATIO HEADER,0,[],1.0,https://www.reddit.com/r/AskEngineers/comments/wv4uxf/patio_header/,all_ads,6,moderator,,,,,,
60,[],False,Dirty-Jones,,[],,text,t2_1x6dfkd5,False,False,False,[],False,False,1661200628,self.AskEngineers,https://www.reddit.com/r/AskEngineers/comments/wv4gq7/going_back_into_education_what_can_i_expect/,{},wv4gq7,False,True,False,False,False,True,True,False,,blue,[],b251a614-57f9-11e4-b47b-12313b0e9678,Discussion,dark,text,False,False,False,0,0,False,all_ads,/r/AskEngineers/comments/wv4gq7/going_back_into_education_what_can_i_expect/,False,6,1661200639,1,"Hi, 

After years of doing nothing with my life I’ve decided go to college to learn something and after looking i think im going to sign up to “Engineering - Level 1”. As once it finishes I’ll be able to pick a more specific route and decide what I want to do.

This would be in college in the UK so it would be mixed with students who have just left school.

What can I expect to see in this course over the year? I imagine it will just be very basics and things like health and safety.

Thank you all",True,False,False,AskEngineers,t5_2sebk,282038,public,self,"Going back into education, what can I expect?",0,[],1.0,https://www.reddit.com/r/AskEngineers/comments/wv4gq7/going_back_into_education_what_can_i_expect/,all_ads,6,,,,,,,
61,[],False,Kid_TTZ,,[],,text,t2_10om1jdo,False,False,False,[],False,False,1661200467,self.AskEngineers,https://www.reddit.com/r/AskEngineers/comments/wv4eby/i_dont_know_where_to_look_for_jobsinternships_as/,{},wv4eby,False,False,False,False,False,False,True,False,,purple,[],3a6acd0c-fd28-11e6-ab41-0edc7e2b18fe,Electrical,dark,text,False,False,True,1,0,False,all_ads,/r/AskEngineers/comments/wv4eby/i_dont_know_where_to_look_for_jobsinternships_as/,False,6,1661200478,1,[removed],True,False,False,AskEngineers,t5_2sebk,282038,public,self,I don't know where to look for jobs/internships as a new electrical engineering graduate,0,[],1.0,https://www.reddit.com/r/AskEngineers/comments/wv4eby/i_dont_know_where_to_look_for_jobsinternships_as/,all_ads,6,moderator,,,,,,
62,[],False,CryptographerOk9262,,[],,text,t2_7ozdt7oh,False,False,False,[],False,False,1661200413,self.AskEngineers,https://www.reddit.com/r/AskEngineers/comments/wv4di6/what_type_of_screw_is_this/,{},wv4di6,False,False,False,False,False,False,True,False,,blue,[],90a1d45a-3f64-11e5-8667-0e60d8112001,Mechanical,dark,text,False,False,True,1,0,False,all_ads,/r/AskEngineers/comments/wv4di6/what_type_of_screw_is_this/,False,6,1661200423,1,[removed],True,False,False,AskEngineers,t5_2sebk,282038,public,self,What type of screw is this?,0,[],1.0,https://www.reddit.com/r/AskEngineers/comments/wv4di6/what_type_of_screw_is_this/,all_ads,6,moderator,,,,,,
63,[],False,_z33,,[],,text,t2_47sy7tmp,False,False,False,[],False,False,1661199504,self.AskEngineers,https://www.reddit.com/r/AskEngineers/comments/wv3zup/how_did_you_prepare_for_robotics_product/,{},wv3zup,False,False,False,False,False,False,True,False,,purple,[],6a68317a-c3cd-11e9-bf9c-0e2863fd7a72,Computer,dark,text,False,False,True,1,0,False,all_ads,/r/AskEngineers/comments/wv3zup/how_did_you_prepare_for_robotics_product/,False,6,1661199514,1,[removed],True,False,False,AskEngineers,t5_2sebk,282037,public,self,How did you prepare for robotics product operations engineer interview?,0,[],1.0,https://www.reddit.com/r/AskEngineers/comments/wv3zup/how_did_you_prepare_for_robotics_product/,all_ads,6,moderator,,,,,,
64,[],False,Nico_Schl,,[],,text,t2_1nxldvd,False,False,False,[],False,False,1661198243,self.AskEngineers,https://www.reddit.com/r/AskEngineers/comments/wv3gk4/how_to_understand_iso_10303/,{},wv3gk4,False,True,False,False,False,True,True,False,,purple,[],6a68317a-c3cd-11e9-bf9c-0e2863fd7a72,Computer,dark,text,False,False,True,0,0,False,all_ads,/r/AskEngineers/comments/wv3gk4/how_to_understand_iso_10303/,False,6,1661198254,1,"I wanted to understand how BRep geometry actually works so I took a look at ISO 10303 but I just don’t understand it.    
Reading the Wikipedia page I don’t even understand what it is about, it talks in abstract terms. What is “product manufacturing information”, what are EXPRESS shemas, what does any of this have to do with 3d geometry, and how are you supposed to learn it?
From what I can tell it covers everything from furniture design, fluid dynamics, electrical diagrams, arranging containers on a ship, data modeling and hundreds of other unrelated fields???",True,False,False,AskEngineers,t5_2sebk,282037,public,self,How to understand ISO 10303,0,[],1.0,https://www.reddit.com/r/AskEngineers/comments/wv3gk4/how_to_understand_iso_10303/,all_ads,6,,,,,,,
65,[],False,Odd-Improvement-4854,,[],,text,t2_74e04u1v,False,False,False,[],False,False,1661198219,self.AskEngineers,https://www.reddit.com/r/AskEngineers/comments/wv3g6j/two_question_about_heating_systems_how_does/,{},wv3g6j,False,True,False,False,False,True,True,False,,blue,[],90a1d45a-3f64-11e5-8667-0e60d8112001,Mechanical,dark,text,False,False,False,0,0,False,all_ads,/r/AskEngineers/comments/wv3g6j/two_question_about_heating_systems_how_does/,False,6,1661198229,1,"Lets say we a sealed heating system, and in this system there is no flow at this time and the water has come to rest. 

Lets say the system is at 0.5 bar, and is filled with a filling loop to 1.5 bar by adding water. How does this work? Why does adding more water to a closed system increase the pressure?

To me, you've added extra water but its not like you are perpetually increasing the force on the water?

I guess the water level inside the pipe will increase, so is that what increases the pressure? I.e (phg increases)  


Also, how on earth does a pressure gauge measure flow in partial load conditions when the pipe is not full. Lets say was have a 15mm dia pipe, and the water level just rests at 7.5mm about the bottom. The pressure gauge is at the top of the pipe, so how's does the gauge 'feel' the pressure? 

&amp;#x200B;

&amp;#x200B;

Thanks if you looked at this.",True,False,False,AskEngineers,t5_2sebk,282037,public,self,"Two question about Heating Systems. How does adding water to a heating system increase a systems pressure (In a sealed system) and 2, how does a pressure gauge read pressure when there is a void between the water and the gauge.",0,[],1.0,https://www.reddit.com/r/AskEngineers/comments/wv3g6j/two_question_about_heating_systems_how_does/,all_ads,6,,,,,,,
66,[],False,kbad10,,[],,text,t2_161c4c,False,False,False,[],False,False,1661196549,self.AskEngineers,https://www.reddit.com/r/AskEngineers/comments/wv2rbu/can_you_help_me_to_understand_how_the_first/,{},wv2rbu,False,False,False,False,False,False,True,False,,blue,[],90a1d45a-3f64-11e5-8667-0e60d8112001,Mechanical,dark,text,False,False,True,0,0,False,all_ads,/r/AskEngineers/comments/wv2rbu/can_you_help_me_to_understand_how_the_first/,False,6,1661196560,1,[removed],True,False,False,AskEngineers,t5_2sebk,282034,public,self,"Can you help me to understand how the first equation in the paper 'New Criteria for Self-Loosening of Fasteners Under Vibration' by GH Junker, 1969 is derived? I'm not able to understand the mathematical formulation as I tried to derive the same equation by myself.",0,[],1.0,https://www.reddit.com/r/AskEngineers/comments/wv2rbu/can_you_help_me_to_understand_how_the_first/,all_ads,6,reddit,,,,,,
67,[],False,anonymousmoon7,,[],,text,t2_m38l270r,False,False,False,[],False,False,1661193192,self.AskEngineers,https://www.reddit.com/r/AskEngineers/comments/wv1dn3/how_to_spend_last_2_weeks_at_engineering_role/,{},wv1dn3,False,False,False,False,False,False,True,False,,orange,[],939137fa-3f64-11e5-b90e-0ef63926eacd,Civil,dark,text,False,False,True,1,0,False,all_ads,/r/AskEngineers/comments/wv1dn3/how_to_spend_last_2_weeks_at_engineering_role/,False,6,1661193203,1,[removed],True,False,False,AskEngineers,t5_2sebk,282032,public,self,How to spend last 2 weeks at engineering role?,0,[],1.0,https://www.reddit.com/r/AskEngineers/comments/wv1dn3/how_to_spend_last_2_weeks_at_engineering_role/,all_ads,6,moderator,,,,,,
68,[],False,anonymousmoon7,,[],,text,t2_m38l270r,False,False,False,[],False,False,1661193095,self.AskEngineers,https://www.reddit.com/r/AskEngineers/comments/wv1c6b/things_to_do_during_my_last_2_weeks_at_work/,{},wv1c6b,False,False,False,False,False,False,True,False,,blue,[],b251a614-57f9-11e4-b47b-12313b0e9678,Discussion,dark,text,False,False,True,1,0,False,all_ads,/r/AskEngineers/comments/wv1c6b/things_to_do_during_my_last_2_weeks_at_work/,False,6,1661193106,1,[removed],True,False,False,AskEngineers,t5_2sebk,282032,public,self,Things to do during my last 2 weeks at work ?,0,[],1.0,https://www.reddit.com/r/AskEngineers/comments/wv1c6b/things_to_do_during_my_last_2_weeks_at_work/,all_ads,6,moderator,,,,,,
69,[],False,anonymousmoon7,,[],,text,t2_m38l270r,False,False,False,[],False,False,1661193050,self.AskEngineers,https://www.reddit.com/r/AskEngineers/comments/wv1bg8/things_to_do_during_my_last_2_weeks_at_work/,{},wv1bg8,False,False,False,False,False,False,True,False,,orange,[],939137fa-3f64-11e5-b90e-0ef63926eacd,Civil,dark,text,False,False,True,1,0,False,all_ads,/r/AskEngineers/comments/wv1bg8/things_to_do_during_my_last_2_weeks_at_work/,False,6,1661193061,1,[removed],True,False,False,AskEngineers,t5_2sebk,282032,public,self,Things to do during my last 2 weeks at work,0,[],1.0,https://www.reddit.com/r/AskEngineers/comments/wv1bg8/things_to_do_during_my_last_2_weeks_at_work/,all_ads,6,moderator,,,,,,
70,[],False,idksorrybro,,[],,text,t2_1124je,False,False,False,[],False,False,1661192535,self.AskEngineers,https://www.reddit.com/r/AskEngineers/comments/wv13og/is_my_cooling_tower_undersized/,{},wv13og,False,False,False,False,False,False,True,False,,blue,[],90a1d45a-3f64-11e5-8667-0e60d8112001,Mechanical,dark,text,False,False,True,1,0,False,all_ads,/r/AskEngineers/comments/wv13og/is_my_cooling_tower_undersized/,False,6,1661192545,1,[removed],True,False,False,AskEngineers,t5_2sebk,282031,public,self,Is my cooling tower undersized?,0,[],1.0,https://www.reddit.com/r/AskEngineers/comments/wv13og/is_my_cooling_tower_undersized/,all_ads,6,moderator,,,,,,
71,[],False,idksorrybro,,[],,text,t2_1124je,False,False,False,[],False,False,1661192455,self.AskEngineers,https://www.reddit.com/r/AskEngineers/comments/wv12i4/the_equation_to_determine_if_a_cooling_tower_is/,{},wv12i4,False,False,False,False,False,False,True,False,,blue,[],90a1d45a-3f64-11e5-8667-0e60d8112001,Mechanical,dark,text,False,False,True,1,0,False,all_ads,/r/AskEngineers/comments/wv12i4/the_equation_to_determine_if_a_cooling_tower_is/,False,6,1661192466,1,[removed],True,False,False,AskEngineers,t5_2sebk,282030,public,self,the equation to determine if a cooling tower is undersized?,0,[],1.0,https://www.reddit.com/r/AskEngineers/comments/wv12i4/the_equation_to_determine_if_a_cooling_tower_is/,all_ads,6,moderator,,,,,,
72,[],False,idksorrybro,,[],,text,t2_1124je,False,False,False,[],False,False,1661192267,self.AskEngineers,https://www.reddit.com/r/AskEngineers/comments/wv0zm9/equation_for_determining_if_cooling_towers_are/,{},wv0zm9,False,False,False,False,False,False,True,False,,blue,[],90a1d45a-3f64-11e5-8667-0e60d8112001,Mechanical,dark,text,False,False,True,1,0,False,all_ads,/r/AskEngineers/comments/wv0zm9/equation_for_determining_if_cooling_towers_are/,False,6,1661192278,1,[removed],True,False,False,AskEngineers,t5_2sebk,282030,public,self,Equation for determining if cooling towers are undersized?,0,[],1.0,https://www.reddit.com/r/AskEngineers/comments/wv0zm9/equation_for_determining_if_cooling_towers_are/,all_ads,6,moderator,,,,,,
73,[],False,gianthooverpig,,[],,text,t2_2og6m5jr,False,False,False,[],False,False,1661189585,self.AskEngineers,https://www.reddit.com/r/AskEngineers/comments/wuzu0h/do_british_engineers_apply_a_seal_to_their/,{},wuzu0h,False,True,False,False,False,True,True,False,,blue,[],b251a614-57f9-11e4-b47b-12313b0e9678,Discussion,dark,text,False,False,True,0,0,False,all_ads,/r/AskEngineers/comments/wuzu0h/do_british_engineers_apply_a_seal_to_their/,False,6,1661189596,1,"I'm British, but I moved to the US before I ever started my engineering career, so I've only ever been an engineer in the US.

I got to thinking this morning, and I was curious how British engineers signify their approval of a document (drawings, calcs, specs, e.g.). In the US, each engineer has a seal, which is embossed onto the paper, indicating their PE license number and their licensed name, which they then sign over the top of. In the digital era, most states now allow for digital equivalents also.

Is there such a requirement in the UK? What does that look like? And since we're at it, what about everywhere else?",True,False,False,AskEngineers,t5_2sebk,282025,public,self,Do British engineers apply a seal to their drawings to signify their approval?,0,[],1.0,https://www.reddit.com/r/AskEngineers/comments/wuzu0h/do_british_engineers_apply_a_seal_to_their/,all_ads,6,,,,,,,
74,[],False,simdec_,,[],,text,t2_kl7oqj4j,False,False,False,[],False,False,1661185830,self.AskEngineers,https://www.reddit.com/r/AskEngineers/comments/wuy8hz/engineers_working_with_models_and_simulation/,{},wuy8hz,False,False,False,False,False,False,True,False,,blue,[],b251a614-57f9-11e4-b47b-12313b0e9678,Discussion,dark,text,False,False,True,1,0,False,all_ads,/r/AskEngineers/comments/wuy8hz/engineers_working_with_models_and_simulation/,False,6,1661185841,1,[removed],True,False,False,AskEngineers,t5_2sebk,282023,public,self,"Engineers working with models and simulation please help me out here, what do you do at work?",0,[],1.0,https://www.reddit.com/r/AskEngineers/comments/wuy8hz/engineers_working_with_models_and_simulation/,all_ads,6,moderator,,,,,,
75,[],False,flashynatsu,,[],,text,t2_11v4uk,False,False,False,[],False,False,1661185719,self.AskEngineers,https://www.reddit.com/r/AskEngineers/comments/wuy6pw/what_helped_you_be_better_and_more_efficient_at/,{},wuy6pw,False,True,False,False,False,True,True,False,,purple,[],6a68317a-c3cd-11e9-bf9c-0e2863fd7a72,Computer,dark,text,False,False,True,0,0,False,all_ads,/r/AskEngineers/comments/wuy6pw/what_helped_you_be_better_and_more_efficient_at/,False,6,1661185730,1, It looks like at least starting out i'll be doing lots of scripting to  automate things mostly in python. Do you guys have things that helped  y'all be better and more efficient at scripting that i could benefit  from knowing?,True,False,False,AskEngineers,t5_2sebk,282023,public,self,What helped you be better and more efficient at writing automated scripts?,0,[],1.0,https://www.reddit.com/r/AskEngineers/comments/wuy6pw/what_helped_you_be_better_and_more_efficient_at/,all_ads,6,,,,,,,
76,[],False,Cjustinstockton,,[],,text,t2_o7kbz,False,False,False,[],False,False,1661184433,self.AskEngineers,https://www.reddit.com/r/AskEngineers/comments/wuxmuo/help_finding_load_capacity/,{},wuxmuo,False,True,False,False,False,True,True,False,,blue,[],b251a614-57f9-11e4-b47b-12313b0e9678,Discussion,dark,text,False,False,True,0,0,False,all_ads,/r/AskEngineers/comments/wuxmuo/help_finding_load_capacity/,False,6,1661184444,1,"Is anyone familiar with how to calculate load capacity for strut channel that is in a cantilevered orientation? 

The plan is to use p1001 uni strut secured to the bottom of a wide flange beam in a cantilever orientation with the load being placed about 12 - 16"" from the end of the beam. The beam is beefy enough to not worry about the load rating there. 

If I could find the ULL, it would be really helpful to assign a WLL based on a 8:1 safety factor.",True,False,False,AskEngineers,t5_2sebk,282022,public,self,Help Finding Load Capacity,0,[],1.0,https://www.reddit.com/r/AskEngineers/comments/wuxmuo/help_finding_load_capacity/,all_ads,6,,,,,,,
77,[],False,OurLadyOfTheLilies,,[],,text,t2_nwswjsb9,False,False,False,[],False,False,1661184157,self.AskEngineers,https://www.reddit.com/r/AskEngineers/comments/wuxihk/why_so_hard_to_get_a_robotics_job_without/,{},wuxihk,False,False,False,False,False,False,True,False,,purple,[],3a6acd0c-fd28-11e6-ab41-0edc7e2b18fe,Electrical,dark,text,False,False,True,1,0,False,all_ads,/r/AskEngineers/comments/wuxihk/why_so_hard_to_get_a_robotics_job_without/,False,6,1661184169,1,[removed],True,False,False,AskEngineers,t5_2sebk,282022,public,self,Why so hard to get a robotics job without experience in the field…,0,[],1.0,https://www.reddit.com/r/AskEngineers/comments/wuxihk/why_so_hard_to_get_a_robotics_job_without/,all_ads,6,moderator,,,,,,
78,[],False,capricatto,,[],,text,t2_b61fd8qe,False,False,False,[],False,False,1661183256,self.AskEngineers,https://www.reddit.com/r/AskEngineers/comments/wux4h5/how_flexible_is_mechatronics/,{},wux4h5,False,False,False,False,False,False,True,False,,blue,[],b251a614-57f9-11e4-b47b-12313b0e9678,Discussion,dark,text,False,False,True,1,0,False,all_ads,/r/AskEngineers/comments/wux4h5/how_flexible_is_mechatronics/,False,6,1661183266,1,[removed],True,False,False,AskEngineers,t5_2sebk,282021,public,self,How flexible is Mechatronics?,0,[],1.0,https://www.reddit.com/r/AskEngineers/comments/wux4h5/how_flexible_is_mechatronics/,all_ads,6,moderator,,,,,,
79,[],False,eli01234,,[],,text,t2_1qx7vt9r,False,False,False,[],False,False,1661182988,self.AskEngineers,https://www.reddit.com/r/AskEngineers/comments/wux0gq/biomedical_engineer_bachelors_degree_how_to_gain/,{},wux0gq,False,True,False,False,False,True,True,False,,blue,[],b251a614-57f9-11e4-b47b-12313b0e9678,Discussion,dark,text,False,False,False,0,0,False,all_ads,/r/AskEngineers/comments/wux0gq/biomedical_engineer_bachelors_degree_how_to_gain/,False,6,1661182999,1,"Hello Everyone. I graduated with a bachelors in bioengineering/biomedical engineering in 2021. Prior to graduating I did a quality engineer internship at a medical device company. Now that I have graduated, I am working at another medical device company in the quality department. 

Eventually I would love to go into R&amp;D engineering or product development for a medical device company. I love design and prototyping. I also enjoy using CAD for example. My problem is that I feel as though my bachelors degree in biomedical engineering has not given me in-depth knowledge into the subjects I would love to work in. I have experience with coding and CAD but not as much a computer science major or a mechanical engineer major. Overall I think I am most interested in the  mechanical engineering side of product development/design. I am not sure how to get into that area though :(

I keep hearing the term ""Jack of all trades, master of none."" when it comes to biomedical engineering. I still feel like an engineer with my degree in terms of problem solving and my experiences with technical skills but I gotta say, I think my technical skills could definitely be improved upon. I wish I could go in-depth but idk how to do that know that I have graduated. 

**So my question is: for biomedical engineers out there, how would you recommend to go about gaining in-depth knowledge in areas of interests that you perhaps did not get to obtain throughout your degree?** Do you work on projects on your free time? Did you go back to school and get your masters in another engineering field? Do you study/practice those skills? Is it possible to master those skills? 

&amp;#x200B;

Hopefully my question made sense. Please and thank you.",True,False,False,AskEngineers,t5_2sebk,282021,public,self,"Biomedical Engineer Bachelors degree - How to gain in depth-knowledge post-graduation? (""Jack of all trades, master of none"")",0,[],1.0,https://www.reddit.com/r/AskEngineers/comments/wux0gq/biomedical_engineer_bachelors_degree_how_to_gain/,all_ads,6,,,,,,,
80,[],False,Underwood4EverHoC,,[],,text,t2_d69izmg,False,False,False,[],False,False,1661182583,self.AskEngineers,https://www.reddit.com/r/AskEngineers/comments/wuwu63/why_does_a_car_have_sacrificial_anodes_on_its/,{},wuwu63,False,True,False,False,False,True,True,False,,blue,[],b251a614-57f9-11e4-b47b-12313b0e9678,Discussion,dark,text,False,False,False,0,0,False,all_ads,/r/AskEngineers/comments/wuwu63/why_does_a_car_have_sacrificial_anodes_on_its/,False,6,1661182594,1,I saw white metal blocks on the frame of a black car wheel.,True,False,False,AskEngineers,t5_2sebk,282020,public,self,Why does a car have sacrificial anodes on it's wheels?,0,[],1.0,https://www.reddit.com/r/AskEngineers/comments/wuwu63/why_does_a_car_have_sacrificial_anodes_on_its/,all_ads,6,,,,,,,
81,[],False,suburbansecret60523,,[],,text,t2_4py2vbnu,False,False,False,[],False,False,1661181719,self.AskEngineers,https://www.reddit.com/r/AskEngineers/comments/wuwhjy/earths_magnetic_field_and_astrophotography/,{},wuwhjy,False,True,False,False,False,True,True,False,,blue,[],b251a614-57f9-11e4-b47b-12313b0e9678,Discussion,dark,text,False,False,True,0,0,False,all_ads,/r/AskEngineers/comments/wuwhjy/earths_magnetic_field_and_astrophotography/,False,6,1661181729,1,"I'm using an app on my cell phone to find objects in the night sky for purposes of astrophotography. However when I place my android phone on top of my telescope tube it reports ""strange magnetic field  detected."" I'm told it's the earth's magnetic field being attracted to the steel telescope tube and then 
being squeezed together inside the tube. Is there a way to dial that down or limit it? I'm wondering if copper tape and/or Faraday tape inside the phone case I'm using to attach the phone to the telescope tube might help?",True,False,False,AskEngineers,t5_2sebk,282020,public,self,Earth's magnetic field and astrophotography,0,[],1.0,https://www.reddit.com/r/AskEngineers/comments/wuwhjy/earths_magnetic_field_and_astrophotography/,all_ads,6,,,,,,,
82,[],False,IVAN____W,,[],,text,t2_6kxcneh5,False,False,False,[],False,False,1661180826,self.AskEngineers,https://www.reddit.com/r/AskEngineers/comments/wuw45v/who_is_application_engineer/,{},wuw45v,False,True,False,False,False,True,True,False,,blue,[],b251a614-57f9-11e4-b47b-12313b0e9678,Discussion,dark,text,False,False,True,0,0,False,all_ads,/r/AskEngineers/comments/wuw45v/who_is_application_engineer/,False,6,1661180837,1,"I am not a native English speaker.  And I don't understand this name of position. What is application engineer have to do?
What is skill he need to have? Why doesn't simply engineer?",True,False,False,AskEngineers,t5_2sebk,282020,public,self,Who is application engineer?,0,[],1.0,https://www.reddit.com/r/AskEngineers/comments/wuw45v/who_is_application_engineer/,all_ads,6,,,,,,,
83,[],False,dibosg,,[],,text,t2_b7fxumi8,False,False,False,[],False,False,1661180756,self.AskEngineers,https://www.reddit.com/r/AskEngineers/comments/wuw30b/how_might_an_undergraduate_prepare_for_a_field/,{},wuw30b,False,False,False,False,False,False,True,False,,blue,[],90a1d45a-3f64-11e5-8667-0e60d8112001,Mechanical,dark,text,False,False,True,1,0,False,all_ads,/r/AskEngineers/comments/wuw30b/how_might_an_undergraduate_prepare_for_a_field/,False,6,1661180766,1,[removed],True,False,False,AskEngineers,t5_2sebk,282020,public,self,How might an undergraduate prepare for a field engineering job?,0,[],1.0,https://www.reddit.com/r/AskEngineers/comments/wuw30b/how_might_an_undergraduate_prepare_for_a_field/,all_ads,6,moderator,,,,,,
84,[],False,Oblong-Pea,,[],,text,t2_2r522jk5,False,False,False,[],False,False,1661175522,self.AskEngineers,https://www.reddit.com/r/AskEngineers/comments/wutwv3/how_do_engineers_find_all_the_applicable/,{},wutwv3,False,True,False,False,False,True,True,False,,blue,[],b251a614-57f9-11e4-b47b-12313b0e9678,Discussion,dark,text,False,False,True,0,0,False,all_ads,/r/AskEngineers/comments/wutwv3/how_do_engineers_find_all_the_applicable/,False,6,1661175533,1,"For example, there are 27000 British standards and euro codes, once you open one they reference multiple other ones, which in turn reference others and it feels never ending. As a junior engineer myself I sometimes find it impossible to know what standards are applicable.",True,False,False,AskEngineers,t5_2sebk,282015,public,self,How do engineers find all the applicable standards to their work?,0,[],1.0,https://www.reddit.com/r/AskEngineers/comments/wutwv3/how_do_engineers_find_all_the_applicable/,all_ads,6,,,,,,,
85,[],False,Zealousideal-Boat-50,,[],,text,t2_7el5wake,False,False,False,[],False,False,1661174119,self.AskEngineers,https://www.reddit.com/r/AskEngineers/comments/wutdb1/is_software_engineering_really_an_engineering/,{},wutdb1,False,True,False,False,False,True,True,False,,blue,[],b251a614-57f9-11e4-b47b-12313b0e9678,Discussion,dark,text,False,False,False,0,0,False,all_ads,/r/AskEngineers/comments/wutdb1/is_software_engineering_really_an_engineering/,False,6,1661174130,1," I mean, programming is not like a science itself and they don't study as much maths as other engineerings, and normally the don't do any physics. 

I'm a last semester electrical engineering student. Some of my friends went to software or computer science. I tend to see that, here in Costa Rica, there's a lot of work in that area and, very often if it every time, all the jobs that I apply to the software guys can apply too. 

So, I was wondering if studying those careers were better option than studying all those maths in electrical engineering.",True,False,False,AskEngineers,t5_2sebk,282014,public,self,Is software engineering really an engineering?,0,[],0.99,https://www.reddit.com/r/AskEngineers/comments/wutdb1/is_software_engineering_really_an_engineering/,all_ads,6,,,,,,,
86,[],False,AutoModerator,,[],,text,t2_6l4z3,False,False,True,[],False,True,1661173212,self.AskEngineers,https://www.reddit.com/r/AskEngineers/comments/wut0hp/career_monday_22_aug_2022_have_a_question_about/,{},wut0hp,False,True,False,False,False,True,True,False,,blue,[],b251a614-57f9-11e4-b47b-12313b0e9678,Discussion,dark,text,False,False,True,0,0,False,all_ads,/r/AskEngineers/comments/wut0hp/career_monday_22_aug_2022_have_a_question_about/,False,6,1661173223,1,"As a reminder, /r/AskEngineers normal restrictions for career related posts are severely relaxed for this thread, so feel free to ask about intra-office politics, salaries, or just about anything else related to your job!",False,False,True,AskEngineers,t5_2sebk,282012,public,self,"Career Monday (22 Aug 2022): Have a question about your job, office, or pay? Post it here!",0,[],1.0,https://www.reddit.com/r/AskEngineers/comments/wut0hp/career_monday_22_aug_2022_have_a_question_about/,all_ads,6,,,,,"[{'author_id': 't2_a6432', 'author_name': 'NineCrimes', 'collection_id': '2effbd15-0c41-486e-b18e-d89b3062cd8a', 'created_at_utc': 1650636548.404, 'description': 'Collection of all weekly career megathread posts.', 'display_layout': None, 'last_update_utc': 1660572311.442, 'link_ids': ['t3_ubkloq', 't3_ugp3rs', 't3_ulqp0l', 't3_uqvf3n', 't3_uvzndq', 't3_v0zopv', 't3_v62zn1', 't3_vbbo6j', 't3_vgkyz5', 't3_vluymr', 't3_vr6wby', 't3_vwhvcv', 't3_w1yrwi', 't3_w7odec', 't3_wdgwgl', 't3_wj9kyh', 't3_wp0jec'], 'permalink': 'https://www.reddit.com/r/AskEngineers/collection/2effbd15-0c41-486e-b18e-d89b3062cd8a', 'sr_detail': {'banner_img': '', 'banner_size': None, 'community_icon': '', 'created': 1301267343.0, 'created_utc': 1301267343.0, 'display_name': 'AskEngineers', 'display_name_prefixed': 'r/AskEngineers', 'icon_img': '', 'icon_size': None, 'key_color': '', 'mod_permissions': [], 'name': 't5_2sebk', 'over_18': False, 'primary_color': '#014980', 'sr': 'AskEngineers', 'sr_display_name_prefixed': 'r/AskEngineers', 'subreddit_type': 'public', 'subscribers': 282012, 'title': 'AskEngineers: Stop nodding, start asking questions.', 'url': '/r/AskEngineers/', 'user_can_crosspost': True, 'whitelist_status': 'all_ads'}, 'subreddit_id': 't5_2sebk', 'title': 'Monday Career Megathreads'}]",,
87,[],False,Zealousideal-Boat-50,,[],,text,t2_7el5wake,False,False,False,[],False,False,1661173068,self.AskEngineers,https://www.reddit.com/r/AskEngineers/comments/wusyf0/is_software_engineering_really_and_engineering/,{},wusyf0,False,True,False,False,False,True,True,False,,blue,[],b251a614-57f9-11e4-b47b-12313b0e9678,Discussion,dark,text,False,False,True,0,0,False,all_ads,/r/AskEngineers/comments/wusyf0/is_software_engineering_really_and_engineering/,False,6,1661173078,1,,True,False,False,AskEngineers,t5_2sebk,282011,public,self,Is software engineering really and engineering?,0,[],1.0,https://www.reddit.com/r/AskEngineers/comments/wusyf0/is_software_engineering_really_and_engineering/,all_ads,6,,,,,,,
88,[],False,lzsauce_14,,[],,text,t2_6468yqol,False,False,False,[],False,False,1661172334,self.AskEngineers,https://www.reddit.com/r/AskEngineers/comments/wusoz8/technical_drawing_help_needed/,{},wusoz8,False,True,False,False,False,True,True,False,,blue,[],90a1d45a-3f64-11e5-8667-0e60d8112001,Mechanical,dark,text,False,False,True,0,0,False,all_ads,/r/AskEngineers/comments/wusoz8/technical_drawing_help_needed/,False,6,1661172344,1,What is the main view on a technical drawing called? It shows the entire part in 2d format and the only other views on the sheet are  detail views. Main view just sounds wrong and I was wondering what the actual name is.,True,False,False,AskEngineers,t5_2sebk,282009,public,self,Technical Drawing help needed,0,[],1.0,https://www.reddit.com/r/AskEngineers/comments/wusoz8/technical_drawing_help_needed/,all_ads,6,,,,,,,
89,[],False,Sriram221b,,[],,text,t2_3lrw8is8,False,False,False,[],False,False,1661171097,self.AskEngineers,https://www.reddit.com/r/AskEngineers/comments/wus962/gost_to_asmeaisi_and_chinese_standards/,{},wus962,False,False,False,False,False,False,True,False,,blue,[],b251a614-57f9-11e4-b47b-12313b0e9678,Discussion,dark,text,False,False,True,1,0,False,all_ads,/r/AskEngineers/comments/wus962/gost_to_asmeaisi_and_chinese_standards/,False,6,1661171108,1,[removed],True,False,False,AskEngineers,t5_2sebk,282007,public,self,GOST to ASME/AISI and Chinese Standards,0,[],1.0,https://www.reddit.com/r/AskEngineers/comments/wus962/gost_to_asmeaisi_and_chinese_standards/,all_ads,6,moderator,,,,,,
90,[],False,Sriram221b,,[],,text,t2_3lrw8is8,False,False,False,[],False,False,1661171049,self.AskEngineers,https://www.reddit.com/r/AskEngineers/comments/wus8l9/gost_to_asmeaisi_and_chinese_standards/,{},wus8l9,False,False,False,False,False,False,True,False,,blue,[],90a1d45a-3f64-11e5-8667-0e60d8112001,Mechanical,dark,text,False,False,True,1,0,False,all_ads,/r/AskEngineers/comments/wus8l9/gost_to_asmeaisi_and_chinese_standards/,False,6,1661171060,1,[removed],True,False,False,AskEngineers,t5_2sebk,282007,public,self,GOST to ASME/AISI and Chinese Standards,0,[],1.0,https://www.reddit.com/r/AskEngineers/comments/wus8l9/gost_to_asmeaisi_and_chinese_standards/,all_ads,6,moderator,,,,,,
91,[],False,MystX,,[],,text,t2_5i1wk,False,False,False,[],False,False,1661169450,self.AskEngineers,https://www.reddit.com/r/AskEngineers/comments/wurna1/where_to_buy_soft_siliconebeverage_tubing/,{},wurna1,False,True,False,False,False,True,True,False,,blue,[],b251a614-57f9-11e4-b47b-12313b0e9678,Discussion,dark,text,False,False,True,0,0,False,all_ads,/r/AskEngineers/comments/wurna1/where_to_buy_soft_siliconebeverage_tubing/,False,6,1661169461,1,"Hi everyone,  


TLDR: Where can I buy tubing that is:

* \~50A shore hardness
* 3-4mm or 1/8"" ID, 6mm or 1/4"" OD
* Can be shipped to new zealand
* Is food safe

?  


I made the mistake of buying a bunch of solenoid pinch valves off alibaba [like this one](https://static.wixstatic.com/media/ec0ae9_22eefcc1190d4e68abf8b8aeb0a9cff1~mv2.png/v1/fill/w_1500,h_1166,al_c/ec0ae9_22eefcc1190d4e68abf8b8aeb0a9cff1~mv2.png). Problem is, now I'm stuck trying to find tubing that's compatible with them. They're normally-closed valves and the spring it them is not super strong, so they require soft tubing in order to seal.

I've wasted so much time and money buying samples from aliexpress and amazon, and none of them come CLOSE to how soft the sample piece of tube is that came with the valves (I've asked the seller where to get the same tubing, they were very unhelpful). I'm after a reputable place to buy so that I can end months of looking at tubing and actually start building my cocktail dispensing robot.",True,False,False,AskEngineers,t5_2sebk,282004,public,self,Where to buy SOFT silicone/beverage tubing?,0,[],1.0,https://www.reddit.com/r/AskEngineers/comments/wurna1/where_to_buy_soft_siliconebeverage_tubing/,all_ads,6,,,,,,self,"{'enabled': False, 'images': [{'id': 'DboDFqDkVOP9V5wnq9wvnwtD-PybD9UPWc3J1s9M8UU', 'resolutions': [{'height': 83, 'url': 'https://external-preview.redd.it/bmdLbVUIH8PTUorP8KxB50a0b22d-sKcCmZv2lvAaJU.png?width=108&amp;crop=smart&amp;auto=webp&amp;s=8f0ca8972ea8d9ff73a7efb6f1a8d2e340abd79c', 'width': 108}, {'height': 167, 'url': 'https://external-preview.redd.it/bmdLbVUIH8PTUorP8KxB50a0b22d-sKcCmZv2lvAaJU.png?width=216&amp;crop=smart&amp;auto=webp&amp;s=940dec40817b8e5af211de09b16f65fc97bc6ff4', 'width': 216}, {'height': 248, 'url': 'https://external-preview.redd.it/bmdLbVUIH8PTUorP8KxB50a0b22d-sKcCmZv2lvAaJU.png?width=320&amp;crop=smart&amp;auto=webp&amp;s=678131122af4f58ea27c8902cf23ade10075b1d3', 'width': 320}, {'height': 497, 'url': 'https://external-preview.redd.it/bmdLbVUIH8PTUorP8KxB50a0b22d-sKcCmZv2lvAaJU.png?width=640&amp;crop=smart&amp;auto=webp&amp;s=8a67878976a4cbddac4ea838a06703679ca51b01', 'width': 640}, {'height': 746, 'url': 'https://external-preview.redd.it/bmdLbVUIH8PTUorP8KxB50a0b22d-sKcCmZv2lvAaJU.png?width=960&amp;crop=smart&amp;auto=webp&amp;s=6e9d5f1b0fa1b2ddb20de391120be21ff46396aa', 'width': 960}, {'height': 839, 'url': 'https://external-preview.redd.it/bmdLbVUIH8PTUorP8KxB50a0b22d-sKcCmZv2lvAaJU.png?width=1080&amp;crop=smart&amp;auto=webp&amp;s=f1d997a0290ef6e5f99f39f2d84af635feef8384', 'width': 1080}], 'source': {'height': 1166, 'url': 'https://external-preview.redd.it/bmdLbVUIH8PTUorP8KxB50a0b22d-sKcCmZv2lvAaJU.png?auto=webp&amp;s=bdfa77635d1f06d042f1b5bb330d14635cd9442c', 'width': 1500}, 'variants': {}}]}"
92,[],False,Llsangerman,,[],,text,t2_396vmoc8,False,False,False,[],False,False,1661167836,self.AskEngineers,https://www.reddit.com/r/AskEngineers/comments/wur41n/does_an_inerter_absorb_energy/,{},wur41n,False,True,False,False,False,True,True,False,,blue,[],90a1d45a-3f64-11e5-8667-0e60d8112001,Mechanical,dark,text,False,False,False,0,0,False,all_ads,/r/AskEngineers/comments/wur41n/does_an_inerter_absorb_energy/,False,6,1661167846,1,"As far as Im knowledgable, a inerter can oppose applied forces by using that force to decelerate a rotating flywheel. However, how can it absorb energy? If I push on it, giving it KE, the flywheel rotates, and the rack also moves linearly along with the flywheel, so it doesnt exactly absorb energy?",True,False,False,AskEngineers,t5_2sebk,282004,public,self,Does an inerter absorb energy?,0,[],1.0,https://www.reddit.com/r/AskEngineers/comments/wur41n/does_an_inerter_absorb_energy/,all_ads,6,,,,,,,
93,[],False,redbark2022,,[],,text,t2_qa4xsvhz,False,False,False,[],False,False,1661166849,self.AskEngineers,https://www.reddit.com/r/AskEngineers/comments/wuqsrr/simple_table_maximum_stability_maximum_space/,{},wuqsrr,False,False,False,False,False,False,True,False,,blue,[],90a1d45a-3f64-11e5-8667-0e60d8112001,Mechanical,dark,text,False,False,True,0,0,False,all_ads,/r/AskEngineers/comments/wuqsrr/simple_table_maximum_stability_maximum_space/,False,6,1661166859,1,[removed],True,False,False,AskEngineers,t5_2sebk,282002,public,self,"simple table, maximum stability, maximum space underneath, minimal materials (update)",0,[],1.0,https://www.reddit.com/r/AskEngineers/comments/wuqsrr/simple_table_maximum_stability_maximum_space/,all_ads,6,reddit,,,,,,
94,[],False,sfry9,,[],,text,t2_9v2ks7my,False,False,False,[],False,False,1661166261,self.AskEngineers,https://www.reddit.com/r/AskEngineers/comments/wuqm5s/hex_head_vs_countersunk_head_bolt_torque/,{},wuqm5s,False,False,False,False,False,False,True,False,,blue,[],90a1d45a-3f64-11e5-8667-0e60d8112001,Mechanical,dark,text,False,False,True,1,0,False,all_ads,/r/AskEngineers/comments/wuqm5s/hex_head_vs_countersunk_head_bolt_torque/,False,6,1661166272,1,[removed],True,False,False,AskEngineers,t5_2sebk,282002,public,self,Hex Head Vs Countersunk Head Bolt Torque,0,[],1.0,https://www.reddit.com/r/AskEngineers/comments/wuqm5s/hex_head_vs_countersunk_head_bolt_torque/,all_ads,6,moderator,,,,,,
95,[],False,ArialCCAA,,[],,text,t2_15ewkl,False,False,False,[],False,False,1661160357,self.AskEngineers,https://www.reddit.com/r/AskEngineers/comments/wuov75/would_a_127v_kettle_fry_if_plugged_into_220v/,{},wuov75,False,True,False,False,False,True,True,False,,purple,[],3a6acd0c-fd28-11e6-ab41-0edc7e2b18fe,Electrical,dark,text,False,False,True,0,0,False,all_ads,/r/AskEngineers/comments/wuov75/would_a_127v_kettle_fry_if_plugged_into_220v/,False,6,1661160368,1,"So I have a 127V kettle (Brazil) and I think... I think it would work in 220V. 
Hear me out: it has no resistors and the thermal transfer between the water and resistance is very efficient (it's not an immersed resistance, it's one soldered to the bottom kinds of kettle.
Because it's in almost direct contact with the water, I think that the water will act as a very efficient heatsink, at worst it would be at a little above 100°C because the water becomes a phase exchange heatsink.",True,False,False,AskEngineers,t5_2sebk,281996,public,self,would a 127V kettle fry if plugged into 220V,0,[],1.0,https://www.reddit.com/r/AskEngineers/comments/wuov75/would_a_127v_kettle_fry_if_plugged_into_220v/,all_ads,6,,,,,,,
96,[],False,idkthisisathing,,[],,text,t2_7hpdtptm,False,False,False,[],False,False,1661159324,self.AskEngineers,https://www.reddit.com/r/AskEngineers/comments/wuol1g/grappling_gun/,{},wuol1g,False,False,False,False,False,False,True,False,,blue,[],90a1d45a-3f64-11e5-8667-0e60d8112001,Mechanical,dark,text,False,False,True,1,0,False,all_ads,/r/AskEngineers/comments/wuol1g/grappling_gun/,False,6,1661159335,1,[removed],True,False,False,AskEngineers,t5_2sebk,281996,public,self,Grappling Gun?,0,[],1.0,https://www.reddit.com/r/AskEngineers/comments/wuol1g/grappling_gun/,all_ads,6,moderator,,,,,,
97,[],False,HungryTradie,,[],,text,t2_6lknu7cu,False,False,False,[],False,False,1661146282,self.AskEngineers,https://www.reddit.com/r/AskEngineers/comments/wukzvk/on_a_supply_of_230vrms_50hz_an_inductor_of_10_ohm/,{},wukzvk,False,True,False,False,False,True,True,False,,purple,[],3a6acd0c-fd28-11e6-ab41-0edc7e2b18fe,Electrical,dark,text,False,False,True,0,0,False,all_ads,/r/AskEngineers/comments/wukzvk/on_a_supply_of_230vrms_50hz_an_inductor_of_10_ohm/,False,6,1661146293,1,"G'day, I'm doing a diploma of Elec.Eng via correspondence with the Aussie trade school (TAFE). There is almost no help, and nothing anywhere like a mentor that I could ask this kind of question.

I'm having doubts about my polar calcs, yet they are correct with other examples/questions.

Answer should be 12.7 at 21.5°


&gt;On a supply of 230vRMS 50Hz, an inductor of 10 ohm &amp; 0.1H is connected parallel to a 3600w resistive heater. What is the impedance seen by the supply?

I get: the inductor as 32.97 at 72.34°, resistor as 14.69 ohms at 0°, total 13.42 at 24.02°

I'm at the point where I think the given answer is wrong, but then my self doubt creeps in. Does anyone else have an excel spreadsheet where it would only take a few seconds to run the numbers? 

PS: I haven't found an online calculator that does this, maybe that's all I need?",True,False,False,AskEngineers,t5_2sebk,281990,public,self,"On a supply of 230vRMS 50Hz, an inductor of 10 ohm &amp; 0.1H is connected parallel to a 3600w resistive heater. What is the impedance seen by the supply?",0,[],1.0,https://www.reddit.com/r/AskEngineers/comments/wukzvk/on_a_supply_of_230vrms_50hz_an_inductor_of_10_ohm/,all_ads,6,,,,,,,
98,[],False,HungryTradie,,[],,text,t2_6lknu7cu,False,False,False,[],False,False,1661146084,self.AskEngineers,https://www.reddit.com/r/AskEngineers/comments/wukxp4/electrical_vectors/,{},wukxp4,False,False,False,False,False,False,True,False,,purple,[],3a6acd0c-fd28-11e6-ab41-0edc7e2b18fe,Electrical,dark,text,False,False,True,1,0,False,all_ads,/r/AskEngineers/comments/wukxp4/electrical_vectors/,False,6,1661146094,1,[removed],True,False,False,AskEngineers,t5_2sebk,281990,public,self,Electrical vectors,0,[],1.0,https://www.reddit.com/r/AskEngineers/comments/wukxp4/electrical_vectors/,all_ads,6,moderator,,,,,,
99,[],False,dolphinbutsex,,[],,text,t2_1gqkamxe,False,False,False,[],False,False,1661144722,self.AskEngineers,https://www.reddit.com/r/AskEngineers/comments/wukj9q/if_my_current_company_doesnt_give_me_a_raise_of_8/,{},wukj9q,False,True,False,False,False,True,True,False,,blue,[],b251a614-57f9-11e4-b47b-12313b0e9678,Discussion,dark,text,False,False,True,0,0,False,all_ads,/r/AskEngineers/comments/wukj9q/if_my_current_company_doesnt_give_me_a_raise_of_8/,False,6,1661144732,1,"I have interned with this company and I am now full-time for 8 months. I am thinking about my masters but I have to stay with the company during my time in school and 2 years after. My pay right now is okay but not great. And I know internal raises are not good either. So I want to move jobs for a salary bump. With inflation being around 8% it would make sense to have that be the bare minimum raise. 

If my company doesn’t give me at least 8% raise should I leave and pursue my masters at another company that will pay me more?",True,False,False,AskEngineers,t5_2sebk,281990,public,self,If my current company doesn’t give me a raise of 8% should I leave?,0,[],1.0,https://www.reddit.com/r/AskEngineers/comments/wukj9q/if_my_current_company_doesnt_give_me_a_raise_of_8/,all_ads,6,,,,,,,
