,all_awardings,allow_live_comments,author,author_flair_css_class,author_flair_richtext,author_flair_text,author_flair_type,author_fullname,author_is_blocked,author_patreon_flair,author_premium,awarders,can_mod_post,contest_mode,created_utc,domain,full_link,gildings,id,is_created_from_ads_ui,is_crosspostable,is_meta,is_original_content,is_reddit_media_domain,is_robot_indexable,is_self,is_video,link_flair_background_color,link_flair_css_class,link_flair_richtext,link_flair_template_id,link_flair_text,link_flair_text_color,link_flair_type,locked,media_only,no_follow,num_comments,num_crossposts,over_18,parent_whitelist_status,permalink,pinned,post_hint,preview,pwls,removed_by_category,retrieved_on,score,selftext,send_replies,spoiler,stickied,subreddit,subreddit_id,subreddit_subscribers,subreddit_type,thumbnail,title,total_awards_received,treatment_tags,upvote_ratio,url,whitelist_status,wls
0,[],False,YellowHardRock,,[],,text,t2_oeiwj8w0,False,False,False,[],False,False,1664078836,self.askscience,https://www.reddit.com/r/askscience/comments/xnd0ie/is_this_genetic_whats_causing_this/,{},xnd0ie,False,False,False,False,False,False,True,False,#aaddaa,med,[],327dd6a4-dfa6-11e3-adbc-12313d1a208b,Human Body,dark,text,False,False,True,0,0,False,all_ads,/r/askscience/comments/xnd0ie/is_this_genetic_whats_causing_this/,False,self,"{'enabled': False, 'images': [{'id': 'OXtrNMDxUV1Utrqg6Q6lgOOJaeHRaAZwwbBlIiyEco0', 'resolutions': [{'height': 81, 'url': 'https://external-preview.redd.it/hkTnfhDaseiNJXSofYRykJ9PLRiAoaAMFbRRe5wvxzE.jpg?width=108&amp;crop=smart&amp;auto=webp&amp;s=03abab55cf1a752dc454d32c91892c2c191dd76e', 'width': 108}, {'height': 162, 'url': 'https://external-preview.redd.it/hkTnfhDaseiNJXSofYRykJ9PLRiAoaAMFbRRe5wvxzE.jpg?width=216&amp;crop=smart&amp;auto=webp&amp;s=eff758bbcae9e6492885f9dd5cc03d624bf3343c', 'width': 216}, {'height': 240, 'url': 'https://external-preview.redd.it/hkTnfhDaseiNJXSofYRykJ9PLRiAoaAMFbRRe5wvxzE.jpg?width=320&amp;crop=smart&amp;auto=webp&amp;s=aeb0b0b806396423383c25401d3fb5d836bc3adf', 'width': 320}, {'height': 480, 'url': 'https://external-preview.redd.it/hkTnfhDaseiNJXSofYRykJ9PLRiAoaAMFbRRe5wvxzE.jpg?width=640&amp;crop=smart&amp;auto=webp&amp;s=742b6ced9e9d54fd9d2f821fc96f0ba5a48bf76b', 'width': 640}, {'height': 720, 'url': 'https://external-preview.redd.it/hkTnfhDaseiNJXSofYRykJ9PLRiAoaAMFbRRe5wvxzE.jpg?width=960&amp;crop=smart&amp;auto=webp&amp;s=a004165b9c0d65702f43855732f0aac05315ab05', 'width': 960}, {'height': 810, 'url': 'https://external-preview.redd.it/hkTnfhDaseiNJXSofYRykJ9PLRiAoaAMFbRRe5wvxzE.jpg?width=1080&amp;crop=smart&amp;auto=webp&amp;s=dcfb4921c5e9c80de9120d5cc06c49bfd5f7bc75', 'width': 1080}], 'source': {'height': 1200, 'url': 'https://external-preview.redd.it/hkTnfhDaseiNJXSofYRykJ9PLRiAoaAMFbRRe5wvxzE.jpg?auto=webp&amp;s=86e0b765e6e3fbd4de2b2146dd731125b16f38da', 'width': 1600}, 'variants': {}}]}",6,reddit,1664078847,1,[removed],True,False,False,askscience,t5_2qm4e,23159278,public,self,Is this genetic? What's causing this?,0,[],1.0,https://www.reddit.com/r/askscience/comments/xnd0ie/is_this_genetic_whats_causing_this/,all_ads,6
1,[],False,MinerSigner60Neiner,,[],,text,t2_kly6c,False,False,False,[],False,False,1664078470,self.askscience,https://www.reddit.com/r/askscience/comments/xncwcy/hypothetically_speaking_if_there_was_a_trench_in/,{},xncwcy,False,False,False,False,False,False,True,False,#66ddff,chem,[],3ebe1a9c-8971-11e1-9c40-12313d2c1af1,Chemistry,dark,text,False,False,True,0,0,False,all_ads,/r/askscience/comments/xncwcy/hypothetically_speaking_if_there_was_a_trench_in/,False,,,6,reddit,1664078480,1,[removed],True,False,False,askscience,t5_2qm4e,23159271,public,self,"Hypothetically speaking, if there was a trench in the ocean deep enough could the water at the bottom become ice or ice-like purely from pressure?",0,[],1.0,https://www.reddit.com/r/askscience/comments/xncwcy/hypothetically_speaking_if_there_was_a_trench_in/,all_ads,6
2,[],False,Roscos_world,,[],,text,t2_6jt1qcyo,False,False,False,[],False,False,1664077790,self.askscience,https://www.reddit.com/r/askscience/comments/xncobl/why_do_little_dogs_typically_live_longer_than_big/,{},xncobl,False,False,False,False,False,False,True,False,#99ffcc,bio,[],431d9b62-8971-11e1-abc8-12313d18ad57,Biology,dark,text,False,False,True,0,0,False,all_ads,/r/askscience/comments/xncobl/why_do_little_dogs_typically_live_longer_than_big/,False,,,6,reddit,1664077835,1,[removed],True,False,False,askscience,t5_2qm4e,23159244,public,self,Why do little dogs typically live longer than big dogs?,0,[],1.0,https://www.reddit.com/r/askscience/comments/xncobl/why_do_little_dogs_typically_live_longer_than_big/,all_ads,6
3,[],False,IronFires,,[],,text,t2_gghf0,False,False,False,[],False,False,1664076825,self.askscience,https://www.reddit.com/r/askscience/comments/xncdfn/what_are_the_most_complex_instinctive_behaviors/,{},xncdfn,False,False,False,False,False,False,True,False,#99ffcc,bio,[],431d9b62-8971-11e1-abc8-12313d18ad57,Biology,dark,text,False,False,True,0,0,False,all_ads,/r/askscience/comments/xncdfn/what_are_the_most_complex_instinctive_behaviors/,False,,,6,reddit,1664076836,1,[removed],True,False,False,askscience,t5_2qm4e,23159200,public,self,"What are the most complex instinctive behaviors that are transmitted purely by genetic/biological means, not through inter generational interaction? Do we understand how complex behavior can be genetically encoded?",0,[],1.0,https://www.reddit.com/r/askscience/comments/xncdfn/what_are_the_most_complex_instinctive_behaviors/,all_ads,6
4,[],False,Doyoulift,,[],,text,t2_a14wb,False,False,False,[],False,False,1664075273,self.askscience,https://www.reddit.com/r/askscience/comments/xnbvsn/can_someone_help_find_the_right_path_for_me_to/,{},xnbvsn,False,False,False,False,False,False,True,False,#ff99cc,computing,[],612c7612-dfa7-11e3-bb11-12313d18e5cd,Computing,dark,text,False,False,True,0,0,False,all_ads,/r/askscience/comments/xnbvsn/can_someone_help_find_the_right_path_for_me_to/,False,,,6,reddit,1664075284,1,[removed],True,False,False,askscience,t5_2qm4e,23159127,public,self,Can someone help find the right path for me to developing an AI to watch and learn from my eSports gameplay in realtime?,0,[],1.0,https://www.reddit.com/r/askscience/comments/xnbvsn/can_someone_help_find_the_right_path_for_me_to/,all_ads,6
5,[],False,Sisyphuzz,,[],,text,t2_7jhhghxs,False,False,False,[],False,False,1664074903,self.askscience,https://www.reddit.com/r/askscience/comments/xnbrm1/scientists_of_reddit_what_theory_was_wildly/,{},xnbrm1,False,False,False,False,False,False,True,False,#99ffcc,bio,[],431d9b62-8971-11e1-abc8-12313d18ad57,Biology,dark,text,False,False,True,1,0,False,all_ads,/r/askscience/comments/xnbrm1/scientists_of_reddit_what_theory_was_wildly/,False,,,6,moderator,1664074914,1,[removed],True,False,False,askscience,t5_2qm4e,23159117,public,self,"Scientists of reddit, what theory was wildly ridiculed years ago but has recently been proven (or is very close to being proven) to be true?",0,[],1.0,https://www.reddit.com/r/askscience/comments/xnbrm1/scientists_of_reddit_what_theory_was_wildly/,all_ads,6
6,[],False,Riftus,,[],,text,t2_nws6b,False,False,False,[],False,False,1664074819,self.askscience,https://www.reddit.com/r/askscience/comments/xnbqku/why_does_it_seem_that_humans_have_the_smallest_of/,{},xnbqku,False,False,False,False,False,False,True,False,#99ffcc,bio,[],431d9b62-8971-11e1-abc8-12313d18ad57,Biology,dark,text,False,False,True,0,0,False,all_ads,/r/askscience/comments/xnbqku/why_does_it_seem_that_humans_have_the_smallest_of/,False,,,6,reddit,1664074830,1,[removed],True,False,False,askscience,t5_2qm4e,23159111,public,self,Why does it seem that humans have the smallest of visible pupils when it comes to the animal kingdom? Why do most animals have much larger pupils?,0,[],1.0,https://www.reddit.com/r/askscience/comments/xnbqku/why_does_it_seem_that_humans_have_the_smallest_of/,all_ads,6
7,[],False,findspeopleforfun,,[],,text,t2_35z716k1,False,False,False,[],False,False,1664074279,self.askscience,https://www.reddit.com/r/askscience/comments/xnbk38/why_doesnt_the_argon_gas_present_in_an/,{},xnbk38,False,False,False,False,False,False,True,False,#66ddff,chem,[],3ebe1a9c-8971-11e1-9c40-12313d2c1af1,Chemistry,dark,text,False,False,True,0,0,False,all_ads,/r/askscience/comments/xnbk38/why_doesnt_the_argon_gas_present_in_an/,False,,,6,reddit,1664074289,1,[removed],True,False,False,askscience,t5_2qm4e,23159078,public,self,Why doesn't the argon gas present in an incandescent lightbulb become ionized when I turn it on?,0,[],1.0,https://www.reddit.com/r/askscience/comments/xnbk38/why_doesnt_the_argon_gas_present_in_an/,all_ads,6
8,[],False,AlexanderCorvinus,,[],,text,t2_qw8ev8eb,False,False,False,[],False,False,1664073829,self.askscience,https://www.reddit.com/r/askscience/comments/xnbeyn/why_do_we_get_a_pleasure_response_from_nerves_to/,{},xnbeyn,False,False,False,False,False,False,True,False,#99ffcc,bio,[],431d9b62-8971-11e1-abc8-12313d18ad57,Biology,dark,text,False,False,True,0,0,False,all_ads,/r/askscience/comments/xnbeyn/why_do_we_get_a_pleasure_response_from_nerves_to/,False,,,6,reddit,1664073840,1,[removed],True,False,False,askscience,t5_2qm4e,23159063,public,self,Why do we get a pleasure response from nerves to scratch an itch when it's damaging to our skin ?,0,[],1.0,https://www.reddit.com/r/askscience/comments/xnbeyn/why_do_we_get_a_pleasure_response_from_nerves_to/,all_ads,6
9,[],False,alphagoddessA,,[],,text,t2_3sx8d4n5,False,False,False,[],False,False,1664071950,self.askscience,https://www.reddit.com/r/askscience/comments/xnasgw/are_we_staring_up_at_the_same_clouds_as_cavemen/,{},xnasgw,False,False,False,False,False,False,True,False,#b4d8ff,geo,[],33a7c8a6-8971-11e1-a9f3-12313d096aae,Earth Sciences,dark,text,False,False,True,0,0,False,all_ads,/r/askscience/comments/xnasgw/are_we_staring_up_at_the_same_clouds_as_cavemen/,False,,,6,reddit,1664071960,1,[removed],True,False,False,askscience,t5_2qm4e,23158979,public,self,Are we staring up at the same clouds as cavemen?,0,[],1.0,https://www.reddit.com/r/askscience/comments/xnasgw/are_we_staring_up_at_the_same_clouds_as_cavemen/,all_ads,6
10,[],False,kickflop,,[],,text,t2_kvjyj,False,False,False,[],False,False,1664071594,self.askscience,https://www.reddit.com/r/askscience/comments/xnao0t/if_you_put_a_fridge_in_a_perfectly_sealed_room/,{},xnao0t,False,False,False,False,False,False,True,False,#cc99ff,physics,[],e8738d5c-8970-11e1-9266-12313d2c1af1,Physics,dark,text,False,False,True,0,0,False,all_ads,/r/askscience/comments/xnao0t/if_you_put_a_fridge_in_a_perfectly_sealed_room/,False,,,6,reddit,1664071605,1,[removed],True,False,False,askscience,t5_2qm4e,23158964,public,self,"If you put a fridge in a perfectly sealed room and plugged it in, would the room warm up or cool down?",0,[],1.0,https://www.reddit.com/r/askscience/comments/xnao0t/if_you_put_a_fridge_in_a_perfectly_sealed_room/,all_ads,6
11,[],False,Gay_Child_,,[],,text,t2_7jp7fjdo,False,False,False,[],False,False,1664071502,self.askscience,https://www.reddit.com/r/askscience/comments/xnamw1/how_did_my_ice_do_this/,{},xnamw1,False,False,False,False,False,False,True,False,#cc99ff,physics,[],e8738d5c-8970-11e1-9266-12313d2c1af1,Physics,dark,text,False,False,True,0,0,False,all_ads,/r/askscience/comments/xnamw1/how_did_my_ice_do_this/,False,,,6,reddit,1664071512,1,[removed],True,False,False,askscience,t5_2qm4e,23158960,public,self,How did my ice do this?,0,[],1.0,https://www.reddit.com/r/askscience/comments/xnamw1/how_did_my_ice_do_this/,all_ads,6
12,[],False,Nervous_Ask_9848,,[],,text,t2_i4oq462q,False,False,False,[],False,False,1664071379,self.askscience,https://www.reddit.com/r/askscience/comments/xnalh8/how_limited_in_future_technologic_advancement_are/,{},xnalh8,False,False,False,False,False,False,True,False,#cc99ff,physics,[],e8738d5c-8970-11e1-9266-12313d2c1af1,Physics,dark,text,False,False,True,0,0,False,all_ads,/r/askscience/comments/xnalh8/how_limited_in_future_technologic_advancement_are/,False,,,6,reddit,1664071389,1,[removed],True,False,False,askscience,t5_2qm4e,23158960,public,self,How limited in future technologic advancement are we as a species?,0,[],1.0,https://www.reddit.com/r/askscience/comments/xnalh8/how_limited_in_future_technologic_advancement_are/,all_ads,6
13,[],False,ChemE-challenged,,[],,text,t2_4ujso1c0,False,False,False,[],False,False,1664070861,self.askscience,https://www.reddit.com/r/askscience/comments/xnaf3h/what_would_a_good_cooling_fluid_choice_be_in_the/,{},xnaf3h,False,False,False,False,False,False,True,False,#66ddff,chem,[],3ebe1a9c-8971-11e1-9c40-12313d2c1af1,Chemistry,dark,text,False,False,True,0,0,False,all_ads,/r/askscience/comments/xnaf3h/what_would_a_good_cooling_fluid_choice_be_in_the/,False,,,6,reddit,1664070872,1,[removed],True,False,False,askscience,t5_2qm4e,23158937,public,self,What would a good cooling fluid choice be in the -200C to -100C range for DSC work?,0,[],1.0,https://www.reddit.com/r/askscience/comments/xnaf3h/what_would_a_good_cooling_fluid_choice_be_in_the/,all_ads,6
14,[],False,RudeEtuxtable,,[],,text,t2_xgibc,False,False,False,[],False,False,1664070840,self.askscience,https://www.reddit.com/r/askscience/comments/xnaeuk/are_modern_nuclear_weapons_strong_enough_to/,{},xnaeuk,False,False,False,False,False,False,True,False,#cc99ff,physics,[],e8738d5c-8970-11e1-9266-12313d2c1af1,Physics,dark,text,False,False,True,0,0,False,all_ads,/r/askscience/comments/xnaeuk/are_modern_nuclear_weapons_strong_enough_to/,False,,,6,reddit,1664070851,1,[removed],True,False,False,askscience,t5_2qm4e,23158936,public,self,Are modern nuclear weapons strong enough to destroy a modern city?,0,[],1.0,https://www.reddit.com/r/askscience/comments/xnaeuk/are_modern_nuclear_weapons_strong_enough_to/,all_ads,6
15,[],False,ChemE-challenged,,[],,text,t2_4ujso1c0,False,False,False,[],False,False,1664070765,self.askscience,https://www.reddit.com/r/askscience/comments/xnadzd/looking_for_a_cooling_fluid_with_good_heat/,{},xnadzd,False,False,False,False,False,False,True,False,#66ddff,chem,[],3ebe1a9c-8971-11e1-9c40-12313d2c1af1,Chemistry,dark,text,False,False,True,1,0,False,all_ads,/r/askscience/comments/xnadzd/looking_for_a_cooling_fluid_with_good_heat/,False,,,6,moderator,1664070776,1,[removed],True,False,False,askscience,t5_2qm4e,23158928,public,self,Looking for a cooling fluid with good heat transfer properties in the -200C to -100C range for DSC,0,[],1.0,https://www.reddit.com/r/askscience/comments/xnadzd/looking_for_a_cooling_fluid_with_good_heat/,all_ads,6
16,[],False,Savings-Beat922,,[],,text,t2_jf1wpcp3,False,False,False,[],False,False,1664070293,self.askscience,https://www.reddit.com/r/askscience/comments/xna87p/covid_live_update_today_in_india/,{},xna87p,False,False,False,False,False,False,True,False,#aaddaa,med,[],59b12290-6799-11ea-b1b1-0efae3108b5b,COVID-19,dark,text,False,False,True,0,0,False,all_ads,/r/askscience/comments/xna87p/covid_live_update_today_in_india/,False,self,"{'enabled': False, 'images': [{'id': '8AJ0mD980oyVJ9V6XOyFMDLQ1z6F0XMX9S-NSL669bg', 'resolutions': [{'height': 79, 'url': 'https://external-preview.redd.it/B6PS4e0a6GUkuZJ7Gx69hv7MzFOGI4m1st8wq_g7c90.jpg?width=108&amp;crop=smart&amp;auto=webp&amp;s=ec8a6ad9d39a52968ca2e484a51d1cb78eda6492', 'width': 108}, {'height': 159, 'url': 'https://external-preview.redd.it/B6PS4e0a6GUkuZJ7Gx69hv7MzFOGI4m1st8wq_g7c90.jpg?width=216&amp;crop=smart&amp;auto=webp&amp;s=dc371445e63590b6f4d0a3114591819c171b125f', 'width': 216}], 'source': {'height': 176, 'url': 'https://external-preview.redd.it/B6PS4e0a6GUkuZJ7Gx69hv7MzFOGI4m1st8wq_g7c90.jpg?auto=webp&amp;s=ec928a8de9987f25fc3ad0245672acdfed1a6e5e', 'width': 238}, 'variants': {}}]}",6,reddit,1664070304,1,[removed],True,False,False,askscience,t5_2qm4e,23158909,public,self,COVID Live update today in india,0,[],1.0,https://www.reddit.com/r/askscience/comments/xna87p/covid_live_update_today_in_india/,all_ads,6
17,[],False,RecommendationNo191,,[],,text,t2_a97wxbvc,False,False,False,[],False,False,1664068950,self.askscience,https://www.reddit.com/r/askscience/comments/xn9rsi/so_if_a_hurricane_or_otherwise_storm_picks_up/,{},xn9rsi,False,False,False,False,False,False,True,False,#b4d8ff,geo,[],33a7c8a6-8971-11e1-a9f3-12313d096aae,Earth Sciences,dark,text,False,False,True,0,0,False,all_ads,/r/askscience/comments/xn9rsi/so_if_a_hurricane_or_otherwise_storm_picks_up/,False,,,6,reddit,1664068961,1,[removed],True,False,False,askscience,t5_2qm4e,23158861,public,self,so if a hurricane or otherwise storm picks up water from a saltwater ocean how come the rain is fresh water?,0,[],1.0,https://www.reddit.com/r/askscience/comments/xn9rsi/so_if_a_hurricane_or_otherwise_storm_picks_up/,all_ads,6
18,[],False,ArhamX4,,[],,text,t2_6ef1cvdh,False,False,False,[],False,False,1664068877,self.askscience,https://www.reddit.com/r/askscience/comments/xn9qur/sorry_for_typos_just_click_and_read_too_vast_for/,{},xn9qur,False,False,False,False,False,False,True,False,#cc99ff,physics,[],e8738d5c-8970-11e1-9266-12313d2c1af1,Physics,dark,text,False,False,True,0,0,False,all_ads,/r/askscience/comments/xn9qur/sorry_for_typos_just_click_and_read_too_vast_for/,False,,,6,reddit,1664068889,1,[removed],True,False,False,askscience,t5_2qm4e,23158858,public,self,sorry for typos just click and read too vast for title what do you think?,0,[],1.0,https://www.reddit.com/r/askscience/comments/xn9qur/sorry_for_typos_just_click_and_read_too_vast_for/,all_ads,6
19,[],False,ArhamX4,,[],,text,t2_6ef1cvdh,False,False,False,[],False,False,1664068770,self.askscience,https://www.reddit.com/r/askscience/comments/xn9phc/sorry_for_typos_just_click_and_read_need_your/,{},xn9phc,False,False,False,False,False,False,True,False,#cc99ff,physics,[],e8738d5c-8970-11e1-9266-12313d2c1af1,Physics,dark,text,False,False,True,1,0,False,all_ads,/r/askscience/comments/xn9phc/sorry_for_typos_just_click_and_read_need_your/,False,,,6,moderator,1664068780,1,[removed],True,False,False,askscience,t5_2qm4e,23158855,public,self,sorry for typos just click and read need your input too too vast for a title,0,[],1.0,https://www.reddit.com/r/askscience/comments/xn9phc/sorry_for_typos_just_click_and_read_need_your/,all_ads,6
20,[],False,Infidel-Art,,[],,text,t2_fzdnxha2,False,False,False,[],False,False,1664068457,self.askscience,https://www.reddit.com/r/askscience/comments/xn9lp6/what_is_the_most_physically_painful_thing_that/,{},xn9lp6,False,False,False,False,False,False,True,False,#aaddaa,med,[],327dd6a4-dfa6-11e3-adbc-12313d1a208b,Human Body,dark,text,False,False,True,0,0,False,all_ads,/r/askscience/comments/xn9lp6/what_is_the_most_physically_painful_thing_that/,False,,,6,reddit,1664068468,1,[removed],True,False,False,askscience,t5_2qm4e,23158844,public,self,What is the most physically painful thing that can happen to you?,0,[],1.0,https://www.reddit.com/r/askscience/comments/xn9lp6/what_is_the_most_physically_painful_thing_that/,all_ads,6
21,[],False,jimalloneword,,[],,text,t2_6c7jh,False,False,False,[],False,False,1664068203,self.askscience,https://www.reddit.com/r/askscience/comments/xn9ij3/how_do_the_dscovr_satellite_measurements_indicate/,{},xn9ij3,False,False,False,False,False,False,True,False,#ccccff,astro,[],26929b46-8971-11e1-aa3a-12313d096aae,Astronomy,dark,text,False,False,True,0,0,False,all_ads,/r/askscience/comments/xn9ij3/how_do_the_dscovr_satellite_measurements_indicate/,False,,,6,reddit,1664068214,1,[removed],True,False,False,askscience,t5_2qm4e,23158832,public,self,How do the DSCOVR satellite measurements indicate severe space weather?,0,[],1.0,https://www.reddit.com/r/askscience/comments/xn9ij3/how_do_the_dscovr_satellite_measurements_indicate/,all_ads,6
22,[],False,bonesojourn,,[],,text,t2_s5h2ahja,False,False,False,[],False,False,1664068143,self.askscience,https://www.reddit.com/r/askscience/comments/xn9hqh/what_lifechanging_piece_of_information_did_you/,{},xn9hqh,False,False,False,False,False,False,True,False,#ffcc99,soc,[],487cb5fa-dfa7-11e3-83f3-12313b0b31f5,Social Science,dark,text,False,False,True,0,0,False,all_ads,/r/askscience/comments/xn9hqh/what_lifechanging_piece_of_information_did_you/,False,,,6,reddit,1664068154,1,[removed],True,False,False,askscience,t5_2qm4e,23158828,public,self,What life-changing piece of information did you follow that’s still working out for you?,0,[],1.0,https://www.reddit.com/r/askscience/comments/xn9hqh/what_lifechanging_piece_of_information_did_you/,all_ads,6
23,[],False,Tree_clock,,[],,text,t2_g0jh3m9z,False,False,False,[],False,False,1664066495,self.askscience,https://www.reddit.com/r/askscience/comments/xn8x03/how_were_the_cannons_used_in_1812_overtune/,{},xn8x03,False,False,False,False,False,False,True,False,#cc99ff,physics,[],e8738d5c-8970-11e1-9266-12313d2c1af1,Physics,dark,text,False,False,True,0,0,False,all_ads,/r/askscience/comments/xn8x03/how_were_the_cannons_used_in_1812_overtune/,False,,,6,reddit,1664066505,1,[removed],True,False,False,askscience,t5_2qm4e,23158761,public,self,How were the cannons used in 1812 Overtune without damaging anyone or anything?,0,[],1.0,https://www.reddit.com/r/askscience/comments/xn8x03/how_were_the_cannons_used_in_1812_overtune/,all_ads,6
24,[],False,maxsosm,,[],,text,t2_hoc1v3ww,False,False,False,[],False,False,1664065679,self.askscience,https://www.reddit.com/r/askscience/comments/xn8mu0/as_the_sun_becomes_hotter_and_earth_becomes/,{},xn8mu0,False,False,False,False,False,False,True,False,#b4d8ff,geo,[],39fec81c-8971-11e1-a59a-12313d2c1af1,Planetary Sci.,dark,text,False,False,True,0,0,False,all_ads,/r/askscience/comments/xn8mu0/as_the_sun_becomes_hotter_and_earth_becomes/,False,,,6,reddit,1664065690,1,[removed],True,False,False,askscience,t5_2qm4e,23158726,public,self,"As the sun becomes hotter, and earth becomes uninhabitable will Mars’ icecaps melt and allow life there?",0,[],1.0,https://www.reddit.com/r/askscience/comments/xn8mu0/as_the_sun_becomes_hotter_and_earth_becomes/,all_ads,6
25,[],False,un-geek,,[],,text,t2_10t6iw,False,False,False,[],False,False,1664064761,self.askscience,https://www.reddit.com/r/askscience/comments/xn8b6r/is_there_a_scientific_way_to_cure_hiccups/,{},xn8b6r,False,False,False,False,False,False,True,False,#99ffcc,bio,[],431d9b62-8971-11e1-abc8-12313d18ad57,Biology,dark,text,False,False,True,0,0,False,all_ads,/r/askscience/comments/xn8b6r/is_there_a_scientific_way_to_cure_hiccups/,False,,,6,reddit,1664064771,1,[removed],True,False,False,askscience,t5_2qm4e,23158698,public,self,Is there a scientific way to cure hiccups?,0,[],1.0,https://www.reddit.com/r/askscience/comments/xn8b6r/is_there_a_scientific_way_to_cure_hiccups/,all_ads,6
26,[],False,Esnardoo,,[],,text,t2_2z0gq778,False,False,False,[],False,False,1664063214,self.askscience,https://www.reddit.com/r/askscience/comments/xn7qzg/what_would_happen_if_the_earths_rotation_slowed/,{},xn7qzg,False,False,False,False,False,False,True,False,#b4d8ff,geo,[],33a7c8a6-8971-11e1-a9f3-12313d096aae,Earth Sciences,dark,text,False,False,True,0,0,False,all_ads,/r/askscience/comments/xn7qzg/what_would_happen_if_the_earths_rotation_slowed/,False,,,6,reddit,1664063225,1,[removed],True,False,False,askscience,t5_2qm4e,23158634,public,self,What would happen if the earth's rotation slowed down to half?,0,[],1.0,https://www.reddit.com/r/askscience/comments/xn7qzg/what_would_happen_if_the_earths_rotation_slowed/,all_ads,6
27,[],False,Imwithstupidhaha,,[],,text,t2_cmuajyoc,False,False,False,[],False,False,1664062066,self.askscience,https://www.reddit.com/r/askscience/comments/xn7c07/come_vibe_and_chill/,{},xn7c07,False,False,False,False,False,False,True,False,#b4d8ff,geo,[],33a7c8a6-8971-11e1-a9f3-12313d096aae,Earth Sciences,dark,text,False,False,True,1,0,False,all_ads,/r/askscience/comments/xn7c07/come_vibe_and_chill/,False,self,"{'enabled': False, 'images': [{'id': '-4l6Fm71wEUNGBTsdhEHFbg0c-3bwyG9djjQ9RJS3Dk', 'resolutions': [{'height': 108, 'url': 'https://external-preview.redd.it/Tjqri_BpsjnJVZG2xyboM1O6UazW4-2Hf2eBLUYa4q8.jpg?width=108&amp;crop=smart&amp;auto=webp&amp;s=4c69dd5fe639675e9221a3d35ad7b7079ed067a2', 'width': 108}, {'height': 216, 'url': 'https://external-preview.redd.it/Tjqri_BpsjnJVZG2xyboM1O6UazW4-2Hf2eBLUYa4q8.jpg?width=216&amp;crop=smart&amp;auto=webp&amp;s=ff5745494f71d47d9003c36bdc4ae004ca38bac7', 'width': 216}, {'height': 320, 'url': 'https://external-preview.redd.it/Tjqri_BpsjnJVZG2xyboM1O6UazW4-2Hf2eBLUYa4q8.jpg?width=320&amp;crop=smart&amp;auto=webp&amp;s=37745ef0bdf4a02b4966c1ad905d1422cce0a258', 'width': 320}, {'height': 640, 'url': 'https://external-preview.redd.it/Tjqri_BpsjnJVZG2xyboM1O6UazW4-2Hf2eBLUYa4q8.jpg?width=640&amp;crop=smart&amp;auto=webp&amp;s=f30854b89d39eb5edd5c3b3583669d1d9cc6cf85', 'width': 640}], 'source': {'height': 900, 'url': 'https://external-preview.redd.it/Tjqri_BpsjnJVZG2xyboM1O6UazW4-2Hf2eBLUYa4q8.jpg?auto=webp&amp;s=2682c603b949c7cd9cf74c2a7a6aa275d99102eb', 'width': 900}, 'variants': {}}]}",6,moderator,1664062077,1,[removed],True,False,False,askscience,t5_2qm4e,23158595,public,self,Come vibe and chill,0,[],1.0,https://www.reddit.com/r/askscience/comments/xn7c07/come_vibe_and_chill/,all_ads,6
28,[],False,OkInvestigator4564,,[],,text,t2_6i4u4ffc,False,False,False,[],False,False,1664060867,self.askscience,https://www.reddit.com/r/askscience/comments/xn6wb4/why_cant_we_make_a_vaccine_that_kills_mosquitos/,{},xn6wb4,False,False,False,False,False,False,True,False,#aaddaa,med,[],78037cd8-1e22-11e3-b776-12313d096169,Medicine,dark,text,False,False,True,0,0,False,all_ads,/r/askscience/comments/xn6wb4/why_cant_we_make_a_vaccine_that_kills_mosquitos/,False,,,6,reddit,1664060877,1,[removed],True,False,False,askscience,t5_2qm4e,23158547,public,self,Why cant we make a vaccine that kills mosquitos when they drink our blood?,0,[],1.0,https://www.reddit.com/r/askscience/comments/xn6wb4/why_cant_we_make_a_vaccine_that_kills_mosquitos/,all_ads,6
29,[],False,eggytoastomato,,[],,text,t2_buvoq4x1,False,False,False,[],False,False,1664058224,self.askscience,https://www.reddit.com/r/askscience/comments/xn5w4p/uv_light_365_nm_color_meaning/,{},xn5w4p,False,False,False,False,False,False,True,False,#99ffcc,bio,[],431d9b62-8971-11e1-abc8-12313d18ad57,Biology,dark,text,False,False,True,0,0,False,all_ads,/r/askscience/comments/xn5w4p/uv_light_365_nm_color_meaning/,False,,,6,reddit,1664058235,1,[removed],True,False,False,askscience,t5_2qm4e,23158411,public,self,UV light 365 nm - Color meaning?,0,[],1.0,https://www.reddit.com/r/askscience/comments/xn5w4p/uv_light_365_nm_color_meaning/,all_ads,6
30,[],False,kamlaish,,[],,text,t2_593bsn2y,False,False,False,[],False,False,1664056585,self.askscience,https://www.reddit.com/r/askscience/comments/xn58z5/if_humans_are_evolved_from_chimpanzee_then_why/,{},xn58z5,False,False,False,False,False,False,True,False,#99ffcc,bio,[],431d9b62-8971-11e1-abc8-12313d18ad57,Biology,dark,text,False,False,True,0,0,False,all_ads,/r/askscience/comments/xn58z5/if_humans_are_evolved_from_chimpanzee_then_why/,False,,,6,reddit,1664056595,1,[removed],True,False,False,askscience,t5_2qm4e,23158324,public,self,if humans are evolved from chimpanzee then why chimpanzees are still there?,0,[],1.0,https://www.reddit.com/r/askscience/comments/xn58z5/if_humans_are_evolved_from_chimpanzee_then_why/,all_ads,6
31,[],False,dragonfly-crash,,[],,text,t2_s5ypnjb9,False,False,False,[],False,False,1664056530,self.askscience,https://www.reddit.com/r/askscience/comments/xn587a/what_about_the_gestation_of_certain_animals_like/,{},xn587a,False,False,False,False,False,False,True,False,#99ffcc,bio,[],431d9b62-8971-11e1-abc8-12313d18ad57,Biology,dark,text,False,False,True,0,0,False,all_ads,/r/askscience/comments/xn587a/what_about_the_gestation_of_certain_animals_like/,False,,,6,reddit,1664056540,1,[removed],True,False,False,askscience,t5_2qm4e,23158321,public,self,what about the gestation of certain animals like zebras and gazelle makes it possible for them to be running soon after birth? How are their joints and muscles so strong at birth?,0,[],1.0,https://www.reddit.com/r/askscience/comments/xn587a/what_about_the_gestation_of_certain_animals_like/,all_ads,6
32,[],False,hmmmyesbombgoboom,,[],,text,t2_sr3pmjg7,False,False,False,[],False,False,1664056273,self.askscience,https://www.reddit.com/r/askscience/comments/xn54k3/if_emotions_are_a_part_of_evolution_to_help/,{},xn54k3,False,False,False,False,False,False,True,False,#99ffcc,bio,[],431d9b62-8971-11e1-abc8-12313d18ad57,Biology,dark,text,False,False,True,0,0,False,all_ads,/r/askscience/comments/xn54k3/if_emotions_are_a_part_of_evolution_to_help/,False,,,6,reddit,1664056283,1,[removed],True,False,False,askscience,t5_2qm4e,23158304,public,self,If emotions are a part of evolution to help survival why does depression exist??,0,[],1.0,https://www.reddit.com/r/askscience/comments/xn54k3/if_emotions_are_a_part_of_evolution_to_help/,all_ads,6
33,[],False,BurntToast102,,[],,text,t2_34nk8e5j,False,False,False,[],False,False,1664055719,self.askscience,https://www.reddit.com/r/askscience/comments/xn4wy7/what_happens_if_you_run_in_zone_5_for_too_long/,{},xn4wy7,False,False,False,False,False,False,True,False,#aaddaa,med,[],327dd6a4-dfa6-11e3-adbc-12313d1a208b,Human Body,dark,text,False,False,True,0,0,False,all_ads,/r/askscience/comments/xn4wy7/what_happens_if_you_run_in_zone_5_for_too_long/,False,,,6,reddit,1664055730,1,[removed],True,False,False,askscience,t5_2qm4e,23158261,public,self,"What happens if you run in zone 5 for too long, and what would happen if someone kept running at max heart rate?",0,[],1.0,https://www.reddit.com/r/askscience/comments/xn4wy7/what_happens_if_you_run_in_zone_5_for_too_long/,all_ads,6
34,[],False,BurntToast102,,[],,text,t2_34nk8e5j,False,False,False,[],False,False,1664055464,self.askscience,https://www.reddit.com/r/askscience/comments/xn4t6v/how_long_can_you_run_at_a_zone_5_heart_rate_and/,{},xn4t6v,False,False,False,False,False,False,True,False,#aaddaa,med,[],327dd6a4-dfa6-11e3-adbc-12313d1a208b,Human Body,dark,text,False,False,True,0,0,False,all_ads,/r/askscience/comments/xn4t6v/how_long_can_you_run_at_a_zone_5_heart_rate_and/,False,,,6,reddit,1664055475,1,[removed],True,False,False,askscience,t5_2qm4e,23158244,public,self,How long can you run at a zone 5 heart rate and what happens if you run in that zone for too long?,0,[],1.0,https://www.reddit.com/r/askscience/comments/xn4t6v/how_long_can_you_run_at_a_zone_5_heart_rate_and/,all_ads,6
35,[],False,burningisntfun,,[],,text,t2_4da47dc8,False,False,False,[],False,False,1664055347,self.askscience,https://www.reddit.com/r/askscience/comments/xn4rj9/is_the_original_pfizer_monovalent_booster/,{},xn4rj9,False,False,False,False,False,False,True,False,#aaddaa,med,[],59b12290-6799-11ea-b1b1-0efae3108b5b,COVID-19,dark,text,False,False,True,0,0,False,all_ads,/r/askscience/comments/xn4rj9/is_the_original_pfizer_monovalent_booster/,False,,,6,reddit,1664055358,1,[removed],True,False,False,askscience,t5_2qm4e,23158244,public,self,Is the original pfizer monovalent booster effective against omicron variant ba.5?,0,[],1.0,https://www.reddit.com/r/askscience/comments/xn4rj9/is_the_original_pfizer_monovalent_booster/,all_ads,6
36,[],False,247healthinfo,,[],,text,t2_sov41u0l,False,False,False,[],False,False,1664054364,self.askscience,https://www.reddit.com/r/askscience/comments/xn4di9/have_you_lost_weight_without_trying_how_does/,{},xn4di9,False,False,False,False,False,False,True,False,#ffff99,psych,[],43a1848e-dfa7-11e3-8271-12313b04d1c1,Psychology,dark,text,False,False,True,0,0,False,all_ads,/r/askscience/comments/xn4di9/have_you_lost_weight_without_trying_how_does/,False,self,"{'enabled': False, 'images': [{'id': 'sOauUqMik6S9GjxMpMDX1t0HJz4VNxLUWh1trj8-GRc', 'resolutions': [{'height': 132, 'url': 'https://external-preview.redd.it/Vi_2wnHHEdOJHkq0qubCHsB94U2U6BDIGDJXLHoMqW0.jpg?width=108&amp;crop=smart&amp;auto=webp&amp;s=b2ea95dd110825c605902b1f91d2dec228b3f582', 'width': 108}, {'height': 265, 'url': 'https://external-preview.redd.it/Vi_2wnHHEdOJHkq0qubCHsB94U2U6BDIGDJXLHoMqW0.jpg?width=216&amp;crop=smart&amp;auto=webp&amp;s=091d046dc54385a8cf2fa6ec6d7759b695687917', 'width': 216}, {'height': 393, 'url': 'https://external-preview.redd.it/Vi_2wnHHEdOJHkq0qubCHsB94U2U6BDIGDJXLHoMqW0.jpg?width=320&amp;crop=smart&amp;auto=webp&amp;s=a9f198581220a4d0b65bd79798120817f737b4bd', 'width': 320}], 'source': {'height': 614, 'url': 'https://external-preview.redd.it/Vi_2wnHHEdOJHkq0qubCHsB94U2U6BDIGDJXLHoMqW0.jpg?auto=webp&amp;s=b4232c2601342cf59a3092c53745ee98556cbc62', 'width': 499}, 'variants': {}}]}",6,reddit,1664054374,1,[removed],True,False,False,askscience,t5_2qm4e,23158181,public,self,Have you lost weight without trying? How does stress and Weight lose occur?,0,[],1.0,https://www.reddit.com/r/askscience/comments/xn4di9/have_you_lost_weight_without_trying_how_does/,all_ads,6
37,[],False,Baker_Pastorale,,[],,text,t2_j274i5hp,False,False,False,[],False,False,1664053820,self.askscience,https://www.reddit.com/r/askscience/comments/xn45ot/can_electronic_heat_waste_energy_be_recovered_to/,{},xn45ot,False,False,False,False,False,False,True,False,#ff9999,eng,[],5d6320a8-dfa7-11e3-a65e-12313d18e464,Engineering,dark,text,False,False,True,0,0,False,all_ads,/r/askscience/comments/xn45ot/can_electronic_heat_waste_energy_be_recovered_to/,False,,,6,reddit,1664053831,1,[removed],True,False,False,askscience,t5_2qm4e,23158149,public,self,Can electronic heat waste energy be recovered to electricity?,0,[],1.0,https://www.reddit.com/r/askscience/comments/xn45ot/can_electronic_heat_waste_energy_be_recovered_to/,all_ads,6
38,[],False,Remarkable-Job-5983,,[],,text,t2_rlu5ibmh,False,False,False,[],False,False,1664053522,self.askscience,https://www.reddit.com/r/askscience/comments/xn41e3/can_somebody_help_me_with_finding_more/,{},xn41e3,False,False,False,False,False,False,True,False,#aaddaa,med,[],327dd6a4-dfa6-11e3-adbc-12313d1a208b,Human Body,dark,text,False,False,True,0,0,False,all_ads,/r/askscience/comments/xn41e3/can_somebody_help_me_with_finding_more/,False,,,6,reddit,1664053532,1,[removed],True,False,False,askscience,t5_2qm4e,23158138,public,self,"Can somebody help me with finding more information on Mild, Partial, and Complete androgen insensitivity?",0,[],1.0,https://www.reddit.com/r/askscience/comments/xn41e3/can_somebody_help_me_with_finding_more/,all_ads,6
39,[],False,Motorcate,,[],,text,t2_y8zcr,False,False,False,[],False,False,1664052663,self.askscience,https://www.reddit.com/r/askscience/comments/xn3ot3/how_different_would_life_be_if_humans_had_an/,{},xn3ot3,False,False,False,False,False,False,True,False,#99ffcc,bio,[],431d9b62-8971-11e1-abc8-12313d18ad57,Biology,dark,text,False,False,True,0,0,False,all_ads,/r/askscience/comments/xn3ot3/how_different_would_life_be_if_humans_had_an/,False,,,6,reddit,1664052673,1,[removed],True,False,False,askscience,t5_2qm4e,23158075,public,self,How different would life be if humans had an average lifespan of a thousand years?,0,[],1.0,https://www.reddit.com/r/askscience/comments/xn3ot3/how_different_would_life_be_if_humans_had_an/,all_ads,6
40,[],False,shaboinkin,,[],,text,t2_6m079,False,False,False,[],False,False,1664051993,self.askscience,https://www.reddit.com/r/askscience/comments/xn3fce/what_is_the_biological_processes_involved_that/,{},xn3fce,False,False,False,False,False,False,True,False,#ccff99,neuro,[],3f105c74-dfa7-11e3-99f2-12313b0b31f5,Neuroscience,dark,text,False,False,True,0,0,False,all_ads,/r/askscience/comments/xn3fce/what_is_the_biological_processes_involved_that/,False,,,6,reddit,1664052003,1,[removed],True,False,False,askscience,t5_2qm4e,23158035,public,self,What is the biological processes involved that lead to the formation of an idea in the human mind?,0,[],1.0,https://www.reddit.com/r/askscience/comments/xn3fce/what_is_the_biological_processes_involved_that/,all_ads,6
41,[],False,Deltani007,,[],,text,t2_j474w3br,False,False,False,[],False,False,1664051622,self.askscience,https://www.reddit.com/r/askscience/comments/xn3abv/can_someone_explain_this_to_me/,{},xn3abv,False,False,False,False,False,False,True,False,#cc99ff,physics,[],e8738d5c-8970-11e1-9266-12313d2c1af1,Physics,dark,text,False,False,True,0,0,False,all_ads,/r/askscience/comments/xn3abv/can_someone_explain_this_to_me/,False,,,6,reddit,1664051633,1,[removed],True,False,False,askscience,t5_2qm4e,23158006,public,self,Can someone explain this to me?,0,[],1.0,https://www.reddit.com/r/askscience/comments/xn3abv/can_someone_explain_this_to_me/,all_ads,6
42,[],False,Deltani007,,[],,text,t2_j474w3br,False,False,False,[],False,False,1664051487,self.askscience,https://www.reddit.com/r/askscience/comments/xn38ej/while_i_was_walking_outside_a_bank_the_heavy/,{},xn38ej,False,False,False,False,False,False,True,False,#cc99ff,physics,[],e8738d5c-8970-11e1-9266-12313d2c1af1,Physics,dark,text,False,False,True,1,0,False,all_ads,/r/askscience/comments/xn38ej/while_i_was_walking_outside_a_bank_the_heavy/,False,,,6,moderator,1664051497,1,[removed],True,False,False,askscience,t5_2qm4e,23157989,public,self,While I was walking outside a bank the heavy plexiglass made a scratch sound and the glass broke and became all white like our broken phone screens!,0,[],1.0,https://www.reddit.com/r/askscience/comments/xn38ej/while_i_was_walking_outside_a_bank_the_heavy/,all_ads,6
43,[],False,powerverwirrt,,[],,text,t2_6a1zwhkd,False,False,False,[],False,False,1664051484,self.askscience,https://www.reddit.com/r/askscience/comments/xn38dc/do_we_breathe_out_leftover_oxygen_if_so_how_much/,{},xn38dc,False,False,False,False,False,False,True,False,#aaddaa,med,[],327dd6a4-dfa6-11e3-adbc-12313d1a208b,Human Body,dark,text,False,False,True,0,0,False,all_ads,/r/askscience/comments/xn38dc/do_we_breathe_out_leftover_oxygen_if_so_how_much/,False,,,6,reddit,1664051495,1,[removed],True,False,False,askscience,t5_2qm4e,23157988,public,self,"Do we breathe out left-over oxygen? If so, how much?",0,[],1.0,https://www.reddit.com/r/askscience/comments/xn38dc/do_we_breathe_out_leftover_oxygen_if_so_how_much/,all_ads,6
44,[],False,Passing4human,,[],,text,t2_iwai1,False,False,False,[],False,False,1664051295,self.askscience,https://www.reddit.com/r/askscience/comments/xn35md/effect_of_ts_fiona_on_greenland_ice_cap/,{},xn35md,False,False,False,False,False,False,True,False,#b4d8ff,geo,[],39fec81c-8971-11e1-a59a-12313d2c1af1,Planetary Sci.,dark,text,False,False,True,0,0,False,all_ads,/r/askscience/comments/xn35md/effect_of_ts_fiona_on_greenland_ice_cap/,False,,,6,reddit,1664051305,1,[removed],True,False,False,askscience,t5_2qm4e,23157976,public,self,Effect of TS Fiona on Greenland Ice Cap?,0,[],1.0,https://www.reddit.com/r/askscience/comments/xn35md/effect_of_ts_fiona_on_greenland_ice_cap/,all_ads,6
45,[],False,ExaltedSol,,[],,text,t2_osvij,False,False,False,[],False,False,1664051229,self.askscience,https://www.reddit.com/r/askscience/comments/xn34qc/what_does_human_evolution_look_like_adapter_to/,{},xn34qc,False,False,False,False,False,False,True,False,#aaddaa,med,[],327dd6a4-dfa6-11e3-adbc-12313d1a208b,Human Body,dark,text,False,False,True,0,0,False,all_ads,/r/askscience/comments/xn34qc/what_does_human_evolution_look_like_adapter_to/,False,,,6,reddit,1664051240,1,[removed],True,False,False,askscience,t5_2qm4e,23157973,public,self,What does human evolution look like adapter to high productivity?,0,[],1.0,https://www.reddit.com/r/askscience/comments/xn34qc/what_does_human_evolution_look_like_adapter_to/,all_ads,6
46,[],False,leondeel,,[],,text,t2_14au9r,False,False,False,[],False,False,1664050711,self.askscience,https://www.reddit.com/r/askscience/comments/xn2xk4/looking_for_spreadsheet_data_on_the_spectral/,{},xn2xk4,False,False,False,False,False,False,True,False,#b4d8ff,geo,[],33a7c8a6-8971-11e1-a9f3-12313d096aae,Earth Sciences,dark,text,False,False,True,1,0,False,all_ads,/r/askscience/comments/xn2xk4/looking_for_spreadsheet_data_on_the_spectral/,False,,,6,moderator,1664050722,1,[removed],True,False,False,askscience,t5_2qm4e,23157948,public,self,Looking for spreadsheet data on the spectral density of light we humans (and plants) are exposed to at various times throughout the day from morning to evening.,0,[],1.0,https://www.reddit.com/r/askscience/comments/xn2xk4/looking_for_spreadsheet_data_on_the_spectral/,all_ads,6
47,[],False,sam280x,,[],,text,t2_143bpv,False,False,False,[],False,False,1664050207,self.askscience,https://www.reddit.com/r/askscience/comments/xn2qk4/why_dont_we_have_diesel_electric_carstrucks/,{},xn2qk4,False,False,False,False,False,False,True,False,#ff9999,eng,[],5d6320a8-dfa7-11e3-a65e-12313d18e464,Engineering,dark,text,False,False,True,0,0,False,all_ads,/r/askscience/comments/xn2qk4/why_dont_we_have_diesel_electric_carstrucks/,False,,,6,reddit,1664050218,1,[removed],True,False,False,askscience,t5_2qm4e,23157908,public,self,Why don’t we have diesel electric cars/trucks?,0,[],1.0,https://www.reddit.com/r/askscience/comments/xn2qk4/why_dont_we_have_diesel_electric_carstrucks/,all_ads,6
48,[],False,mOjzilla,,[],,text,t2_n27j0,False,False,False,[],False,False,1664049510,self.askscience,https://www.reddit.com/r/askscience/comments/xn2gg9/why_does_earth_have_more_elements_compared_to_sun/,{},xn2gg9,False,False,False,False,False,False,True,False,#b4d8ff,geo,[],33a7c8a6-8971-11e1-a9f3-12313d096aae,Earth Sciences,dark,text,False,False,True,0,0,False,all_ads,/r/askscience/comments/xn2gg9/why_does_earth_have_more_elements_compared_to_sun/,False,,,6,reddit,1664049521,1,[removed],True,False,False,askscience,t5_2qm4e,23157865,public,self,Why does Earth have more elements compared to Sun ?,0,[],1.0,https://www.reddit.com/r/askscience/comments/xn2gg9/why_does_earth_have_more_elements_compared_to_sun/,all_ads,6
49,[],False,NaihanchiDrill,,[],,text,t2_ofzh2s7y,False,False,False,[],False,False,1664049395,self.askscience,https://www.reddit.com/r/askscience/comments/xn2eu1/can_the_human_body_regulate_the_rate_of_caloric/,{},xn2eu1,False,False,False,False,False,False,True,False,#99ffcc,bio,[],431d9b62-8971-11e1-abc8-12313d18ad57,Biology,dark,text,False,False,True,0,0,False,all_ads,/r/askscience/comments/xn2eu1/can_the_human_body_regulate_the_rate_of_caloric/,False,,,6,reddit,1664049405,1,[removed],True,False,False,askscience,t5_2qm4e,23157857,public,self,Can the human body regulate the rate of caloric absorption?,0,[],1.0,https://www.reddit.com/r/askscience/comments/xn2eu1/can_the_human_body_regulate_the_rate_of_caloric/,all_ads,6
50,[],False,mOjzilla,,[],,text,t2_n27j0,False,False,False,[],False,False,1664049314,self.askscience,https://www.reddit.com/r/askscience/comments/xn2dps/why_does_earth_have_more_elements_compared_to_sun/,{},xn2dps,False,False,False,False,False,False,True,False,#b4d8ff,geo,[],39fec81c-8971-11e1-a59a-12313d2c1af1,Planetary Sci.,dark,text,False,False,True,1,0,False,all_ads,/r/askscience/comments/xn2dps/why_does_earth_have_more_elements_compared_to_sun/,False,,,6,moderator,1664049325,1,[removed],True,False,False,askscience,t5_2qm4e,23157852,public,self,Why does Earth have more elements compared to Sun.,0,[],1.0,https://www.reddit.com/r/askscience/comments/xn2dps/why_does_earth_have_more_elements_compared_to_sun/,all_ads,6
51,[],False,Regular-Policy-3646,,[],,text,t2_rqaqxgth,False,False,False,[],False,False,1664048086,self.askscience,https://www.reddit.com/r/askscience/comments/xn1whc/does_the_arrector_pili_muscle_response_happen/,{},xn1whc,False,False,False,False,False,False,True,False,#99ffcc,bio,[],431d9b62-8971-11e1-abc8-12313d18ad57,Biology,dark,text,False,False,True,0,0,False,all_ads,/r/askscience/comments/xn1whc/does_the_arrector_pili_muscle_response_happen/,False,,,6,reddit,1664048097,1,[removed],True,False,False,askscience,t5_2qm4e,23157801,public,self,Does the Arrector pili muscle response happen before or after you finally die?,0,[],1.0,https://www.reddit.com/r/askscience/comments/xn1whc/does_the_arrector_pili_muscle_response_happen/,all_ads,6
52,[],False,robinfranc,,[],,text,t2_12jscl,False,False,False,[],False,False,1664047963,self.askscience,https://www.reddit.com/r/askscience/comments/xn1up4/why_isnt_methylphenidate_ritalin_a_more_widely/,{},xn1up4,False,False,False,False,False,False,True,False,#ccff99,neuro,[],3f105c74-dfa7-11e3-99f2-12313b0b31f5,Neuroscience,dark,text,False,False,True,0,0,False,all_ads,/r/askscience/comments/xn1up4/why_isnt_methylphenidate_ritalin_a_more_widely/,False,self,"{'enabled': False, 'images': [{'id': 'IhCrwpyVgWBrfJqb8ZeMPma94JrnHcUqa0pN_eh5YhY', 'resolutions': [{'height': 108, 'url': 'https://external-preview.redd.it/Z3VvmbWJRtxHHLBRxgO0VpP5JaYrLPHbOEE29UhczE0.jpg?width=108&amp;crop=smart&amp;auto=webp&amp;s=783e7b22af0b195b0694c25a7a1661ed78fd6326', 'width': 108}, {'height': 216, 'url': 'https://external-preview.redd.it/Z3VvmbWJRtxHHLBRxgO0VpP5JaYrLPHbOEE29UhczE0.jpg?width=216&amp;crop=smart&amp;auto=webp&amp;s=bf439476730383ba482da2c76e37274e3fca653b', 'width': 216}, {'height': 320, 'url': 'https://external-preview.redd.it/Z3VvmbWJRtxHHLBRxgO0VpP5JaYrLPHbOEE29UhczE0.jpg?width=320&amp;crop=smart&amp;auto=webp&amp;s=881633eb8f330b66641d77e390846de8e11a2fa7', 'width': 320}, {'height': 640, 'url': 'https://external-preview.redd.it/Z3VvmbWJRtxHHLBRxgO0VpP5JaYrLPHbOEE29UhczE0.jpg?width=640&amp;crop=smart&amp;auto=webp&amp;s=6040c5e444a0e4a98149cedffb7dc8e9a74ce9f2', 'width': 640}, {'height': 960, 'url': 'https://external-preview.redd.it/Z3VvmbWJRtxHHLBRxgO0VpP5JaYrLPHbOEE29UhczE0.jpg?width=960&amp;crop=smart&amp;auto=webp&amp;s=31da0e76eedc37bb74955b62069966fb6e45d77f', 'width': 960}, {'height': 1080, 'url': 'https://external-preview.redd.it/Z3VvmbWJRtxHHLBRxgO0VpP5JaYrLPHbOEE29UhczE0.jpg?width=1080&amp;crop=smart&amp;auto=webp&amp;s=7f7f957db02bc72eaeaaacc9927b11d893f6efd8', 'width': 1080}], 'source': {'height': 1200, 'url': 'https://external-preview.redd.it/Z3VvmbWJRtxHHLBRxgO0VpP5JaYrLPHbOEE29UhczE0.jpg?auto=webp&amp;s=9afe4a1b1e1f56275ca1b045323fc8d51a7ccf99', 'width': 1200}, 'variants': {}}]}",6,reddit,1664047974,1,[removed],True,False,False,askscience,t5_2qm4e,23157796,public,self,"Why isn't methylphenidate (Ritalin) a more widely used illicit drug, given its similarities to cocaine?",0,[],1.0,https://www.reddit.com/r/askscience/comments/xn1up4/why_isnt_methylphenidate_ritalin_a_more_widely/,all_ads,6
53,[],False,KaJashey,,[],,text,t2_58ysg,False,False,False,[],False,False,1664047626,self.askscience,https://www.reddit.com/r/askscience/comments/xn1pn4/sea_salts_and_microplastics_rock_salts_and_heavy/,{},xn1pn4,False,False,False,False,False,False,True,False,#b4d8ff,geo,[],33a7c8a6-8971-11e1-a9f3-12313d096aae,Earth Sciences,dark,text,False,False,True,0,0,False,all_ads,/r/askscience/comments/xn1pn4/sea_salts_and_microplastics_rock_salts_and_heavy/,False,,,6,reddit,1664047636,1,[removed],True,False,False,askscience,t5_2qm4e,23157770,public,self,Sea Salts and Micro-plastics? Rock salts and heavy metals?,0,[],1.0,https://www.reddit.com/r/askscience/comments/xn1pn4/sea_salts_and_microplastics_rock_salts_and_heavy/,all_ads,6
54,[],False,Middle_Cartographer2,,[],,text,t2_8dkpq6kc,False,False,False,[],False,False,1664047617,self.askscience,https://www.reddit.com/r/askscience/comments/xn1pic/which_natural_phenomenon_causes_this/,{},xn1pic,False,False,False,False,False,False,True,False,#cc99ff,physics,[],e8738d5c-8970-11e1-9266-12313d2c1af1,Physics,dark,text,False,False,True,0,0,False,all_ads,/r/askscience/comments/xn1pic/which_natural_phenomenon_causes_this/,False,,,6,reddit,1664047628,1,[removed],True,False,False,askscience,t5_2qm4e,23157769,public,self,Which natural phenomenon causes this?,0,[],1.0,https://www.reddit.com/r/askscience/comments/xn1pic/which_natural_phenomenon_causes_this/,all_ads,6
55,[],False,Throwaway196857423,,[],,text,t2_lzdch02r,False,False,False,[],False,False,1664047245,self.askscience,https://www.reddit.com/r/askscience/comments/xn1k84/if_you_starved_yourself_long_enough_would_you_be/,{},xn1k84,False,False,False,False,False,False,True,False,#99ffcc,bio,[],431d9b62-8971-11e1-abc8-12313d18ad57,Biology,dark,text,False,False,True,0,0,True,all_ads,/r/askscience/comments/xn1k84/if_you_starved_yourself_long_enough_would_you_be/,False,,,6,reddit,1664047255,1,[removed],True,False,False,askscience,t5_2qm4e,23157747,public,nsfw,"If you starved yourself long enough, would you be unable to ejaculate?",0,[],1.0,https://www.reddit.com/r/askscience/comments/xn1k84/if_you_starved_yourself_long_enough_would_you_be/,promo_adult_nsfw,3
56,[],False,Gelert0,,[],,text,t2_g6m65xno,False,False,False,[],False,False,1664046932,self.askscience,https://www.reddit.com/r/askscience/comments/xn1foc/after_i_cry_and_get_super_upset_i_feel_better_in/,{},xn1foc,False,False,False,False,False,False,True,False,#aaddaa,med,[],327dd6a4-dfa6-11e3-adbc-12313d1a208b,Human Body,dark,text,False,False,True,0,0,False,all_ads,/r/askscience/comments/xn1foc/after_i_cry_and_get_super_upset_i_feel_better_in/,False,,,6,reddit,1664046943,1,[removed],True,False,False,askscience,t5_2qm4e,23157733,public,self,After I cry and get super upset I feel better in the hours afterwards or the next day; could scientists develop something that safely emulates this effect?,0,[],1.0,https://www.reddit.com/r/askscience/comments/xn1foc/after_i_cry_and_get_super_upset_i_feel_better_in/,all_ads,6
57,[],False,itsnowjoke,,[],,text,t2_kbpxk,False,False,False,[],False,False,1664046426,self.askscience,https://www.reddit.com/r/askscience/comments/xn18dj/why_has_the_speed_of_light_got_anything_to_do/,{},xn18dj,False,False,False,False,False,False,True,False,#cc99ff,physics,[],e8738d5c-8970-11e1-9266-12313d2c1af1,Physics,dark,text,False,False,True,0,0,False,all_ads,/r/askscience/comments/xn18dj/why_has_the_speed_of_light_got_anything_to_do/,False,,,6,reddit,1664046436,1,[removed],True,False,False,askscience,t5_2qm4e,23157702,public,self,Why has the speed of light got anything to do with the relationship between mass and energy?,0,[],1.0,https://www.reddit.com/r/askscience/comments/xn18dj/why_has_the_speed_of_light_got_anything_to_do/,all_ads,6
58,[],False,KaJashey,,[],,text,t2_58ysg,False,False,False,[],False,False,1664046304,self.askscience,https://www.reddit.com/r/askscience/comments/xn16km/sea_salt_and_microplastics_rocks_salt_and_heavy/,{},xn16km,False,False,False,False,False,False,True,False,#b4d8ff,geo,[],33a7c8a6-8971-11e1-a9f3-12313d096aae,Earth Sciences,dark,text,False,False,True,1,0,False,all_ads,/r/askscience/comments/xn16km/sea_salt_and_microplastics_rocks_salt_and_heavy/,False,,,6,moderator,1664046315,1,[removed],True,False,False,askscience,t5_2qm4e,23157697,public,self,Sea salt and micro-plastics. Rocks salt and heavy metals.,0,[],1.0,https://www.reddit.com/r/askscience/comments/xn16km/sea_salt_and_microplastics_rocks_salt_and_heavy/,all_ads,6
59,[],False,SasukeUchiha8,,[],,text,t2_pj73i,False,False,False,[],False,False,1664046116,self.askscience,https://www.reddit.com/r/askscience/comments/xn13uh/why_do_my_hair_and_skin_get_greasy_when_im_around/,{},xn13uh,False,False,False,False,False,False,True,False,#aaddaa,med,[],327dd6a4-dfa6-11e3-adbc-12313d1a208b,Human Body,dark,text,False,False,True,0,0,False,all_ads,/r/askscience/comments/xn13uh/why_do_my_hair_and_skin_get_greasy_when_im_around/,False,,,6,reddit,1664046126,1,[removed],True,False,False,askscience,t5_2qm4e,23157684,public,self,Why do my hair and skin get greasy when I'm around cigar smoke?,0,[],1.0,https://www.reddit.com/r/askscience/comments/xn13uh/why_do_my_hair_and_skin_get_greasy_when_im_around/,all_ads,6
60,[],False,Laniefosterr,,[],,text,t2_q1cccm6m,False,False,False,[],False,False,1664045999,self.askscience,https://www.reddit.com/r/askscience/comments/xn11s6/what_does_hydrochloric_acid_do_to_the_brain/,{},xn11s6,False,False,False,False,False,False,True,False,#66ddff,chem,[],3ebe1a9c-8971-11e1-9c40-12313d2c1af1,Chemistry,dark,text,False,False,True,0,0,False,all_ads,/r/askscience/comments/xn11s6/what_does_hydrochloric_acid_do_to_the_brain/,False,,,6,reddit,1664046009,1,[removed],True,False,False,askscience,t5_2qm4e,23157681,public,self,What does hydrochloric acid do to the brain?,0,[],1.0,https://www.reddit.com/r/askscience/comments/xn11s6/what_does_hydrochloric_acid_do_to_the_brain/,all_ads,6
61,[],False,ILikeHistoryaLot,,[],,text,t2_87d3e3gv,False,False,False,[],False,False,1664045887,self.askscience,https://www.reddit.com/r/askscience/comments/xn106q/if_you_pause_time_can_you_still_use_mirrors/,{},xn106q,False,False,False,False,False,False,True,False,#cc99ff,physics,[],e8738d5c-8970-11e1-9266-12313d2c1af1,Physics,dark,text,False,False,True,0,0,False,all_ads,/r/askscience/comments/xn106q/if_you_pause_time_can_you_still_use_mirrors/,False,,,6,reddit,1664045899,1,[removed],True,False,False,askscience,t5_2qm4e,23157674,public,self,"If You Pause Time, Can You Still Use Mirrors?",0,[],1.0,https://www.reddit.com/r/askscience/comments/xn106q/if_you_pause_time_can_you_still_use_mirrors/,all_ads,6
62,[],False,Laniefosterr,,[],,text,t2_q1cccm6m,False,False,False,[],False,False,1664045853,self.askscience,https://www.reddit.com/r/askscience/comments/xn0zp0/what_does_hydrochloric_acid_do_to_the_brain/,{},xn0zp0,False,False,False,False,False,False,True,False,#66ddff,chem,[],3ebe1a9c-8971-11e1-9c40-12313d2c1af1,Chemistry,dark,text,False,False,True,1,0,False,all_ads,/r/askscience/comments/xn0zp0/what_does_hydrochloric_acid_do_to_the_brain/,False,,,6,moderator,1664045864,1,[removed],True,False,False,askscience,t5_2qm4e,23157673,public,self,What does hydrochloric acid do to the brain,0,[],1.0,https://www.reddit.com/r/askscience/comments/xn0zp0/what_does_hydrochloric_acid_do_to_the_brain/,all_ads,6
63,[],False,ImWorthSomething,,[],,text,t2_qq7uzarv,False,False,False,[],False,False,1664045811,self.askscience,https://www.reddit.com/r/askscience/comments/xn0z3v/is_the_big_bang_still_a_theory_because_i_see/,{},xn0z3v,False,False,False,False,False,False,True,False,#ccccff,astro,[],26929b46-8971-11e1-aa3a-12313d096aae,Astronomy,dark,text,False,False,True,0,0,False,all_ads,/r/askscience/comments/xn0z3v/is_the_big_bang_still_a_theory_because_i_see/,False,,,6,reddit,1664045822,1,[removed],True,False,False,askscience,t5_2qm4e,23157672,public,self,is the big bang still a theory? because I see people talking about it like it's a fact.,0,[],1.0,https://www.reddit.com/r/askscience/comments/xn0z3v/is_the_big_bang_still_a_theory_because_i_see/,all_ads,6
64,[],False,SasukeUchiha8,,[],,text,t2_pj73i,False,False,False,[],False,False,1664045729,self.askscience,https://www.reddit.com/r/askscience/comments/xn0xxz/why_does_my_hair_and_skin_get_greasy_when_im/,{},xn0xxz,False,False,False,False,False,False,True,False,#aaddaa,med,[],327dd6a4-dfa6-11e3-adbc-12313d1a208b,Human Body,dark,text,False,False,True,1,0,False,all_ads,/r/askscience/comments/xn0xxz/why_does_my_hair_and_skin_get_greasy_when_im/,False,,,6,moderator,1664045740,1,[removed],True,False,False,askscience,t5_2qm4e,23157669,public,self,Why does my hair and skin get greasy when I'm around cigar smoke.,0,[],1.0,https://www.reddit.com/r/askscience/comments/xn0xxz/why_does_my_hair_and_skin_get_greasy_when_im/,all_ads,6
65,[],False,Illustrious-Star3151,,[],,text,t2_srl2f1u4,False,False,False,[],False,False,1664045721,self.askscience,https://www.reddit.com/r/askscience/comments/xn0xtp/does_venus_magellan_contain_data_products_of_the/,{},xn0xtp,False,False,False,False,False,False,True,False,#b4d8ff,geo,[],39fec81c-8971-11e1-a59a-12313d2c1af1,Planetary Sci.,dark,text,False,False,True,0,0,False,all_ads,/r/askscience/comments/xn0xtp/does_venus_magellan_contain_data_products_of_the/,False,,,6,reddit,1664045732,1,[removed],True,False,False,askscience,t5_2qm4e,23157670,public,self,"Does Venus Magellan contain data products of the form of columnar Latitude, Longitude, Altitude?",0,[],1.0,https://www.reddit.com/r/askscience/comments/xn0xtp/does_venus_magellan_contain_data_products_of_the/,all_ads,6
66,[],False,Crockett69_1,,[],,text,t2_dlnfrk7l,False,False,False,[],False,False,1664045286,self.askscience,https://www.reddit.com/r/askscience/comments/xn0rhr/is_it_possible_to_fuse_diamonds_together_and_if/,{},xn0rhr,False,False,False,False,False,False,True,False,#b4d8ff,geo,[],33a7c8a6-8971-11e1-a9f3-12313d096aae,Earth Sciences,dark,text,False,False,True,0,0,False,all_ads,/r/askscience/comments/xn0rhr/is_it_possible_to_fuse_diamonds_together_and_if/,False,,,6,reddit,1664045296,1,[removed],True,False,False,askscience,t5_2qm4e,23157640,public,self,"Is it possible to fuse diamonds together? And if so, could someone theoretically make a house of diamonds?",0,[],1.0,https://www.reddit.com/r/askscience/comments/xn0rhr/is_it_possible_to_fuse_diamonds_together_and_if/,all_ads,6
67,[],False,Educational-Plant136,,[],,text,t2_s9txjwbx,False,False,False,[],False,False,1664045191,self.askscience,https://www.reddit.com/r/askscience/comments/xn0q4g/how_were_people_born_to_be_lgbtq_asexual/,{},xn0q4g,False,False,False,False,False,False,True,False,#aaddaa,med,[],327dd6a4-dfa6-11e3-adbc-12313d1a208b,Human Body,dark,text,False,False,True,0,0,False,all_ads,/r/askscience/comments/xn0q4g/how_were_people_born_to_be_lgbtq_asexual/,False,,,6,reddit,1664045201,1,[removed],True,False,False,askscience,t5_2qm4e,23157627,public,self,"How were people born to be LGBTQ, asexual, aromantic, or other sexuality?",0,[],1.0,https://www.reddit.com/r/askscience/comments/xn0q4g/how_were_people_born_to_be_lgbtq_asexual/,all_ads,6
68,[],False,Wooden_Ad_3096,,[],,text,t2_rj8opvn3,False,False,False,[],False,False,1664044075,self.askscience,https://www.reddit.com/r/askscience/comments/xn09k8/do_tripoles_exist_in_nature_and_if_not_is_there/,{},xn09k8,False,False,False,False,False,False,True,False,#cc99ff,physics,[],e8738d5c-8970-11e1-9266-12313d2c1af1,Physics,dark,text,False,False,True,0,0,False,all_ads,/r/askscience/comments/xn09k8/do_tripoles_exist_in_nature_and_if_not_is_there/,False,,,6,reddit,1664044086,1,[removed],True,False,False,askscience,t5_2qm4e,23157565,public,self,"Do tripoles exist in nature, and if not, is there any way to describe how they would work?",0,[],1.0,https://www.reddit.com/r/askscience/comments/xn09k8/do_tripoles_exist_in_nature_and_if_not_is_there/,all_ads,6
69,[],False,HappyFishFace42,,[],,text,t2_dve6j,False,False,False,[],False,False,1664043452,self.askscience,https://www.reddit.com/r/askscience/comments/xn00jf/is_it_possible_to_have_something_so_sharp_you_can/,{},xn00jf,False,False,False,False,False,False,True,False,#aaddaa,med,[],327dd6a4-dfa6-11e3-adbc-12313d1a208b,Human Body,dark,text,False,False,True,0,0,False,all_ads,/r/askscience/comments/xn00jf/is_it_possible_to_have_something_so_sharp_you_can/,False,,,6,reddit,1664043463,1,[removed],True,False,False,askscience,t5_2qm4e,23157527,public,self,Is it possible to have something so sharp you can cut yourself with it and not bleed?,0,[],1.0,https://www.reddit.com/r/askscience/comments/xn00jf/is_it_possible_to_have_something_so_sharp_you_can/,all_ads,6
70,[],False,greenlight144000,,[],,text,t2_3vls9y7o,False,False,False,[],False,False,1664043296,self.askscience,https://www.reddit.com/r/askscience/comments/xmzy6d/why_are_kangaroos_only_found_in_australia_and/,{},xmzy6d,False,False,False,False,False,False,True,False,#99ffcc,bio,[],431d9b62-8971-11e1-abc8-12313d18ad57,Biology,dark,text,False,False,True,0,0,False,all_ads,/r/askscience/comments/xmzy6d/why_are_kangaroos_only_found_in_australia_and/,False,,,6,reddit,1664043307,1,[removed],True,False,False,askscience,t5_2qm4e,23157515,public,self,Why are kangaroos only found in Australia and kiwi birds only in New Zealand etc? Is it because of evolution?,0,[],1.0,https://www.reddit.com/r/askscience/comments/xmzy6d/why_are_kangaroos_only_found_in_australia_and/,all_ads,6
71,[],False,Batmanana5,,[],,text,t2_16l4ra,False,False,False,[],False,False,1664043267,self.askscience,https://www.reddit.com/r/askscience/comments/xmzxqz/why_do_i_keep_finding_dead_bees_in_my_bedroom/,{},xmzxqz,False,False,False,False,False,False,True,False,#99ffcc,bio,[],431d9b62-8971-11e1-abc8-12313d18ad57,Biology,dark,text,False,False,True,0,0,False,all_ads,/r/askscience/comments/xmzxqz/why_do_i_keep_finding_dead_bees_in_my_bedroom/,False,,,6,reddit,1664043278,1,[removed],True,False,False,askscience,t5_2qm4e,23157513,public,self,Why do I keep finding dead bees in my bedroom?,0,[],1.0,https://www.reddit.com/r/askscience/comments/xmzxqz/why_do_i_keep_finding_dead_bees_in_my_bedroom/,all_ads,6
72,[],False,HarshTheDev,,[],,text,t2_7jz8ok5a,False,False,False,[],False,False,1664042941,self.askscience,https://www.reddit.com/r/askscience/comments/xmzsso/does_working_out_and_building_muscle_mass_during/,{},xmzsso,False,False,False,False,False,False,True,False,#aaddaa,med,[],327dd6a4-dfa6-11e3-adbc-12313d1a208b,Human Body,dark,text,False,False,True,0,0,False,all_ads,/r/askscience/comments/xmzsso/does_working_out_and_building_muscle_mass_during/,False,,,6,reddit,1664042952,1,[removed],True,False,False,askscience,t5_2qm4e,23157488,public,self,"Does working out and building muscle mass during puberty increase testosterone levels? And if it does, would it have any effect on the physical development of the individual?",0,[],1.0,https://www.reddit.com/r/askscience/comments/xmzsso/does_working_out_and_building_muscle_mass_during/,all_ads,6
73,[],False,CrimsonSuede,,[],,text,t2_3ul40xqv,False,False,False,[],False,False,1664042925,self.askscience,https://www.reddit.com/r/askscience/comments/xmzskj/why_does_this_spodumene_specimen_have_such_a/,{},xmzskj,False,False,False,False,False,False,True,False,#b4d8ff,geo,[],33a7c8a6-8971-11e1-a9f3-12313d096aae,Earth Sciences,dark,text,False,False,True,0,0,False,all_ads,/r/askscience/comments/xmzskj/why_does_this_spodumene_specimen_have_such_a/,False,,,6,reddit,1664042935,1,[removed],True,False,False,askscience,t5_2qm4e,23157487,public,self,Why does this spodumene specimen have such a funky shape? (mindat link in post),0,[],1.0,https://www.reddit.com/r/askscience/comments/xmzskj/why_does_this_spodumene_specimen_have_such_a/,all_ads,6
74,[],False,CognativeBiaser,,[],,text,t2_4w5f46u8,False,False,False,[],False,False,1664042660,self.askscience,https://www.reddit.com/r/askscience/comments/xmzopt/what_is_the_area_of_the_observable_horizon_like/,{},xmzopt,False,False,False,False,False,False,True,False,#b4d8ff,geo,[],33a7c8a6-8971-11e1-a9f3-12313d096aae,Earth Sciences,dark,text,False,False,True,0,0,False,all_ads,/r/askscience/comments/xmzopt/what_is_the_area_of_the_observable_horizon_like/,False,,,6,reddit,1664042671,1,[removed],True,False,False,askscience,t5_2qm4e,23157481,public,self,What is the area of the observable horizon? Like if you were in the middle of the ocean and looked 360 degrees?,0,[],1.0,https://www.reddit.com/r/askscience/comments/xmzopt/what_is_the_area_of_the_observable_horizon_like/,all_ads,6
75,[],False,losethefur,,[],,text,t2_gk3y1696,False,False,False,[],False,False,1664042474,self.askscience,https://www.reddit.com/r/askscience/comments/xmzlvp/since_yeast_reacts_to_245mhz_radio_frequencys/,{},xmzlvp,False,False,False,False,False,False,True,False,#ff9999,eng,[],5d6320a8-dfa7-11e3-a65e-12313d18e464,Engineering,dark,text,False,False,True,0,0,False,all_ads,/r/askscience/comments/xmzlvp/since_yeast_reacts_to_245mhz_radio_frequencys/,False,,,6,reddit,1664042485,1,[removed],True,False,False,askscience,t5_2qm4e,23157461,public,self,"Since yeast reacts to 2.4-5mhz radio frequencys, could yeast be genetically modified and programmed to create nanoparticles and piece together nanobots inside our DNA?",0,[],1.0,https://www.reddit.com/r/askscience/comments/xmzlvp/since_yeast_reacts_to_245mhz_radio_frequencys/,all_ads,6
76,[],False,amberheartss,,[],,text,t2_hw3ze,False,False,False,[],False,False,1664042314,self.askscience,https://www.reddit.com/r/askscience/comments/xmziy7/how_different_would_our_life_be_if_the_earth_was/,{},xmziy7,False,False,False,False,False,False,True,False,#b4d8ff,geo,[],33a7c8a6-8971-11e1-a9f3-12313d096aae,Earth Sciences,dark,text,False,False,True,0,0,False,all_ads,/r/askscience/comments/xmziy7/how_different_would_our_life_be_if_the_earth_was/,False,,,6,reddit,1664042324,1,[removed],True,False,False,askscience,t5_2qm4e,23157456,public,self,How different would our life be if the earth was not tilted?,0,[],1.0,https://www.reddit.com/r/askscience/comments/xmziy7/how_different_would_our_life_be_if_the_earth_was/,all_ads,6
77,[],False,Lucidpeople,,[],,text,t2_c231qv1c,False,False,False,[],False,False,1664042303,self.askscience,https://www.reddit.com/r/askscience/comments/xmzit5/could_melting_ice_effect_the_tectonic_plates/,{},xmzit5,False,False,False,False,False,False,True,False,#b4d8ff,geo,[],33a7c8a6-8971-11e1-a9f3-12313d096aae,Earth Sciences,dark,text,False,False,True,0,0,False,all_ads,/r/askscience/comments/xmzit5/could_melting_ice_effect_the_tectonic_plates/,False,,,6,reddit,1664042314,1,[removed],True,False,False,askscience,t5_2qm4e,23157455,public,self,Could melting ice effect the tectonic plates?,0,[],1.0,https://www.reddit.com/r/askscience/comments/xmzit5/could_melting_ice_effect_the_tectonic_plates/,all_ads,6
78,[],False,Secure_Jeweler6065,,[],,text,t2_90mhsmts,False,False,False,[],False,False,1664042257,self.askscience,https://www.reddit.com/r/askscience/comments/xmzi4f/which_theory_in_mathematics_physics_or_chemistry/,{},xmzi4f,False,False,False,False,False,False,True,False,#ff9999,eng,[],5d6320a8-dfa7-11e3-a65e-12313d18e464,Engineering,dark,text,False,False,True,0,0,False,all_ads,/r/askscience/comments/xmzi4f/which_theory_in_mathematics_physics_or_chemistry/,False,,,6,reddit,1664042268,1,[removed],True,False,False,askscience,t5_2qm4e,23157453,public,self,"Which theory in mathematics, physics or chemistry has applied most in your everyday life?",0,[],1.0,https://www.reddit.com/r/askscience/comments/xmzi4f/which_theory_in_mathematics_physics_or_chemistry/,all_ads,6
79,[],False,TapRoomASMR,,[],,text,t2_777u7dgj,False,False,False,[],False,False,1664042108,self.askscience,https://www.reddit.com/r/askscience/comments/xmzfxv/why_doesnt_the_ice_wall_at_the_boston_museum_of/,{},xmzfxv,False,False,False,False,False,False,True,False,#b4d8ff,geo,[],33a7c8a6-8971-11e1-a9f3-12313d096aae,Earth Sciences,dark,text,False,False,True,0,0,False,all_ads,/r/askscience/comments/xmzfxv/why_doesnt_the_ice_wall_at_the_boston_museum_of/,False,,,6,reddit,1664042118,1,[removed],True,False,False,askscience,t5_2qm4e,23157446,public,self,Why doesn't the ice wall at the Boston Museum of Science melt despite being in a relatively warm room?,0,[],1.0,https://www.reddit.com/r/askscience/comments/xmzfxv/why_doesnt_the_ice_wall_at_the_boston_museum_of/,all_ads,6
80,[],False,Mierdo01,,[],,text,t2_3usixu6d,False,False,False,[],False,False,1664041410,self.askscience,https://www.reddit.com/r/askscience/comments/xmz5h2/how_does_our_sense_of_taste_differ_from_other/,{},xmz5h2,False,False,False,False,False,False,True,False,#99ffcc,bio,[],431d9b62-8971-11e1-abc8-12313d18ad57,Biology,dark,text,False,False,True,0,0,False,all_ads,/r/askscience/comments/xmz5h2/how_does_our_sense_of_taste_differ_from_other/,False,,,6,reddit,1664041421,1,[removed],True,False,False,askscience,t5_2qm4e,23157399,public,self,How does our sense of taste differ from other species?,0,[],1.0,https://www.reddit.com/r/askscience/comments/xmz5h2/how_does_our_sense_of_taste_differ_from_other/,all_ads,6
81,[],False,lmao335,,[],,text,t2_1m4surqt,False,False,False,[],False,False,1664040647,self.askscience,https://www.reddit.com/r/askscience/comments/xmytxm/since_the_bodies_cells_are_replaced_every_so/,{},xmytxm,False,False,False,False,False,False,True,False,#99ffcc,bio,[],431d9b62-8971-11e1-abc8-12313d18ad57,Biology,dark,text,False,False,True,0,0,False,all_ads,/r/askscience/comments/xmytxm/since_the_bodies_cells_are_replaced_every_so/,False,,,6,reddit,1664040657,1,[removed],True,False,False,askscience,t5_2qm4e,23157357,public,self,"Since the bodies cells are replaced every so often, how can radiation cause cancer 10+ years later?",0,[],1.0,https://www.reddit.com/r/askscience/comments/xmytxm/since_the_bodies_cells_are_replaced_every_so/,all_ads,6
82,[],False,teabagalomaniac,,[],,text,t2_47ka6,False,False,False,[],False,False,1664040142,self.askscience,https://www.reddit.com/r/askscience/comments/xmymgv/what_happens_to_the_banks_if_market_interest/,{},xmymgv,False,False,False,False,False,False,True,False,#ffcc99,soc,[],4f67b13a-dfa7-11e3-b376-12313b089471,Economics,dark,text,False,False,True,0,0,False,all_ads,/r/askscience/comments/xmymgv/what_happens_to_the_banks_if_market_interest/,False,,,6,reddit,1664040152,1,[removed],True,False,False,askscience,t5_2qm4e,23157335,public,self,What happens to the banks if market interest rates are higher than many outstanding fixed rate mortgages?,0,[],1.0,https://www.reddit.com/r/askscience/comments/xmymgv/what_happens_to_the_banks_if_market_interest/,all_ads,6
83,[],False,rck_t55,,[],,text,t2_jidn0cj2,False,False,True,[],False,False,1664039395,self.askscience,https://www.reddit.com/r/askscience/comments/xmyb4k/did_the_average_human_attention_span_decrease/,{},xmyb4k,False,False,False,False,False,False,True,False,#ccff99,neuro,[],3f105c74-dfa7-11e3-99f2-12313b0b31f5,Neuroscience,dark,text,False,False,True,0,0,False,all_ads,/r/askscience/comments/xmyb4k/did_the_average_human_attention_span_decrease/,False,,,6,reddit,1664039406,1,[removed],True,False,False,askscience,t5_2qm4e,23157281,public,self,"Did the average human attention span decrease between the 1990s and now? If yes, is there a causality relationship between distractibility and the use of smartphones?",0,[],1.0,https://www.reddit.com/r/askscience/comments/xmyb4k/did_the_average_human_attention_span_decrease/,all_ads,6
84,[],False,SrRafik,,[],,text,t2_4kh88qv6,False,False,False,[],False,False,1664038901,self.askscience,https://www.reddit.com/r/askscience/comments/xmy3ro/can_a_man_grow_after_18/,{},xmy3ro,False,False,False,False,False,False,True,False,#aaddaa,med,[],327dd6a4-dfa6-11e3-adbc-12313d1a208b,Human Body,dark,text,False,False,True,0,0,False,all_ads,/r/askscience/comments/xmy3ro/can_a_man_grow_after_18/,False,,,6,reddit,1664038912,1,[removed],True,False,False,askscience,t5_2qm4e,23157249,public,self,Can a man grow after 18?,0,[],1.0,https://www.reddit.com/r/askscience/comments/xmy3ro/can_a_man_grow_after_18/,all_ads,6
85,[],False,batatassad4,,[],,text,t2_4lvpfsrr,False,False,False,[],False,False,1664038581,self.askscience,https://www.reddit.com/r/askscience/comments/xmxyj5/why_do_atoms_have_neutrons/,{},xmxyj5,False,False,False,False,False,False,True,False,#66ddff,chem,[],3ebe1a9c-8971-11e1-9c40-12313d2c1af1,Chemistry,dark,text,False,False,True,0,0,False,all_ads,/r/askscience/comments/xmxyj5/why_do_atoms_have_neutrons/,False,,,6,reddit,1664038591,1,[removed],True,False,False,askscience,t5_2qm4e,23157236,public,self,Why do atoms have neutrons?,0,[],1.0,https://www.reddit.com/r/askscience/comments/xmxyj5/why_do_atoms_have_neutrons/,all_ads,6
86,[],False,MartardTaber,,[],,text,t2_c9n3hbz,False,False,False,[],False,False,1664038536,self.askscience,https://www.reddit.com/r/askscience/comments/xmxxuc/if_i_had_a_slightly_sub_critical_mass_of_pu239/,{},xmxxuc,False,False,False,False,False,False,True,False,#cc99ff,physics,[],e8738d5c-8970-11e1-9266-12313d2c1af1,Physics,dark,text,False,False,True,1,0,False,all_ads,/r/askscience/comments/xmxxuc/if_i_had_a_slightly_sub_critical_mass_of_pu239/,False,,,6,moderator,1664038547,1,[removed],True,False,False,askscience,t5_2qm4e,23157232,public,self,If I had a slightly sub critical mass of Pu-239 and I dropped it over the Mariana trench...,0,[],1.0,https://www.reddit.com/r/askscience/comments/xmxxuc/if_i_had_a_slightly_sub_critical_mass_of_pu239/,all_ads,6
87,[],False,EfficientHeat4901,,[],,text,t2_hc2qgc0g,False,False,False,[],False,False,1664038229,self.askscience,https://www.reddit.com/r/askscience/comments/xmxtao/is_there_a_great_universe_destruction_happening/,{},xmxtao,False,False,False,False,False,False,True,False,#cc99ff,physics,[],e8738d5c-8970-11e1-9266-12313d2c1af1,Physics,dark,text,False,False,True,0,0,False,all_ads,/r/askscience/comments/xmxtao/is_there_a_great_universe_destruction_happening/,False,,,6,reddit,1664038240,1,[removed],True,False,False,askscience,t5_2qm4e,23157215,public,self,Is there a great universe destruction happening?,0,[],1.0,https://www.reddit.com/r/askscience/comments/xmxtao/is_there_a_great_universe_destruction_happening/,all_ads,6
88,[],False,DeviantDahlia,,[],,text,t2_5algsijn,False,False,False,[],False,False,1664038118,self.askscience,https://www.reddit.com/r/askscience/comments/xmxrnh/what_are_the_things_that_combine_with_gold_silver/,{},xmxrnh,False,False,False,False,False,False,True,False,#b4d8ff,geo,[],33a7c8a6-8971-11e1-a9f3-12313d096aae,Earth Sciences,dark,text,False,False,True,0,0,False,all_ads,/r/askscience/comments/xmxrnh/what_are_the_things_that_combine_with_gold_silver/,False,,,6,reddit,1664038128,1,[removed],True,False,False,askscience,t5_2qm4e,23157209,public,self,"What are the things that combine with gold, silver, and copper by themselves to create named alloys?",0,[],1.0,https://www.reddit.com/r/askscience/comments/xmxrnh/what_are_the_things_that_combine_with_gold_silver/,all_ads,6
89,[],False,Hurrikane_Nexus,,[],,text,t2_9gsj5by1,False,False,False,[],False,False,1664038021,self.askscience,https://www.reddit.com/r/askscience/comments/xmxq5v/liquid_wont_stay_in_mug_why_can_it_please_stop/,{},xmxq5v,False,False,False,False,False,False,True,False,#cc99ff,physics,[],e8738d5c-8970-11e1-9266-12313d2c1af1,Physics,dark,text,False,False,True,0,0,False,all_ads,/r/askscience/comments/xmxq5v/liquid_wont_stay_in_mug_why_can_it_please_stop/,False,,,6,reddit,1664038031,1,[removed],True,False,False,askscience,t5_2qm4e,23157204,public,self,"Liquid Won't Stay in Mug, Why? Can it please stop?",0,[],1.0,https://www.reddit.com/r/askscience/comments/xmxq5v/liquid_wont_stay_in_mug_why_can_it_please_stop/,all_ads,6
90,[],False,Hurrikane_Nexus,,[],,text,t2_9gsj5by1,False,False,False,[],False,False,1664037776,self.askscience,https://www.reddit.com/r/askscience/comments/xmxmir/liquid_wont_stay_in_mug/,{},xmxmir,False,False,False,False,False,False,True,False,#cc99ff,physics,[],e8738d5c-8970-11e1-9266-12313d2c1af1,Physics,dark,text,False,False,True,1,0,False,all_ads,/r/askscience/comments/xmxmir/liquid_wont_stay_in_mug/,False,,,6,moderator,1664037787,1,[removed],True,False,False,askscience,t5_2qm4e,23157185,public,self,Liquid Won't Stay in Mug,0,[],1.0,https://www.reddit.com/r/askscience/comments/xmxmir/liquid_wont_stay_in_mug/,all_ads,6
91,[],False,ihavethecheesetouch_,,[],,text,t2_rslxr91w,False,False,False,[],False,False,1664037767,self.askscience,https://www.reddit.com/r/askscience/comments/xmxmdz/men_of_reddit_can_you_actually_controlmove_your/,{},xmxmdz,False,False,False,False,False,False,True,False,#aaddaa,med,[],327dd6a4-dfa6-11e3-adbc-12313d1a208b,Human Body,dark,text,False,False,True,1,0,True,all_ads,/r/askscience/comments/xmxmdz/men_of_reddit_can_you_actually_controlmove_your/,False,,,6,moderator,1664037778,1,[removed],True,False,False,askscience,t5_2qm4e,23157185,public,nsfw,Men of reddit Can you actually control/move your dick?,0,[],1.0,https://www.reddit.com/r/askscience/comments/xmxmdz/men_of_reddit_can_you_actually_controlmove_your/,promo_adult_nsfw,3
92,[],False,ghpkhg,,[],,text,t2_65q8m,False,False,False,[],False,False,1664037363,self.askscience,https://www.reddit.com/r/askscience/comments/xmxgdk/is_it_environmentally_friendly_to_dump_a_vacuum/,{},xmxgdk,False,False,False,False,False,False,True,False,#b4d8ff,geo,[],33a7c8a6-8971-11e1-a9f3-12313d096aae,Earth Sciences,dark,text,False,False,True,0,0,False,all_ads,/r/askscience/comments/xmxgdk/is_it_environmentally_friendly_to_dump_a_vacuum/,False,,,6,reddit,1664037374,1,[removed],True,False,False,askscience,t5_2qm4e,23157163,public,self,Is it environmentally friendly to dump a vacuum bag’s contents outside?,0,[],1.0,https://www.reddit.com/r/askscience/comments/xmxgdk/is_it_environmentally_friendly_to_dump_a_vacuum/,all_ads,6
93,[],False,tahirap089,,[],,text,t2_r9v70j2f,False,False,False,[],False,False,1664036970,self.askscience,https://www.reddit.com/r/askscience/comments/xmxae8/wirecast_pro_1503_crack_with_full_license_key/,{},xmxae8,False,False,False,False,False,False,True,False,#ffcc99,soc,[],487cb5fa-dfa7-11e3-83f3-12313b0b31f5,Social Science,dark,text,False,False,True,0,0,False,all_ads,/r/askscience/comments/xmxae8/wirecast_pro_1503_crack_with_full_license_key/,False,,,6,reddit,1664036981,1,[removed],True,False,False,askscience,t5_2qm4e,23157133,public,self,Wirecast Pro 15.0.3 Crack With Full License Key Download [Latest],0,[],1.0,https://www.reddit.com/r/askscience/comments/xmxae8/wirecast_pro_1503_crack_with_full_license_key/,all_ads,6
94,[],False,casualphilosopher1,,[],,text,t2_1tw5fjdk,False,False,False,[],False,False,1664036922,self.askscience,https://www.reddit.com/r/askscience/comments/xmx9p7/where_did_all_the_carbon_on_earth_originally_come/,{},xmx9p7,False,False,False,False,False,False,True,False,#b4d8ff,geo,[],39fec81c-8971-11e1-a59a-12313d2c1af1,Planetary Sci.,dark,text,False,False,True,0,0,False,all_ads,/r/askscience/comments/xmx9p7/where_did_all_the_carbon_on_earth_originally_come/,False,,,6,reddit,1664036933,1,[removed],True,False,False,askscience,t5_2qm4e,23157127,public,self,Where did all the carbon on Earth originally come from?,0,[],1.0,https://www.reddit.com/r/askscience/comments/xmx9p7/where_did_all_the_carbon_on_earth_originally_come/,all_ads,6
95,[],False,Lance_E_T_Compte,,[],,text,t2_8pbob,False,False,False,[],False,False,1664036607,self.askscience,https://www.reddit.com/r/askscience/comments/xmx532/why_does_putting_bourbon_in_diet_coke_kill_the/,{},xmx532,False,False,False,False,False,False,True,False,#66ddff,chem,[],3ebe1a9c-8971-11e1-9c40-12313d2c1af1,Chemistry,dark,text,False,False,True,0,0,False,all_ads,/r/askscience/comments/xmx532/why_does_putting_bourbon_in_diet_coke_kill_the/,False,,,6,reddit,1664036618,1,[removed],True,False,False,askscience,t5_2qm4e,23157109,public,self,Why does putting bourbon in diet coke kill the bubbles? Ice seems to melt faster too...?,0,[],1.0,https://www.reddit.com/r/askscience/comments/xmx532/why_does_putting_bourbon_in_diet_coke_kill_the/,all_ads,6
96,[],False,Ecrilon,,[],,text,t2_8f3r3,False,False,False,[],False,False,1664036021,self.askscience,https://www.reddit.com/r/askscience/comments/xmww6u/what_does_it_mean_when_scientists_state_a_shared/,{},xmww6u,False,False,False,False,False,False,True,False,#99ffcc,bio,[],431d9b62-8971-11e1-abc8-12313d18ad57,Biology,dark,text,False,False,True,0,0,False,all_ads,/r/askscience/comments/xmww6u/what_does_it_mean_when_scientists_state_a_shared/,False,,,6,reddit,1664036032,1,[removed],False,False,False,askscience,t5_2qm4e,23157064,public,self,"What does it mean when scientists state a ""shared DNA"" percentage?",0,[],1.0,https://www.reddit.com/r/askscience/comments/xmww6u/what_does_it_mean_when_scientists_state_a_shared/,all_ads,6
97,[],False,Empty_String,,[],,text,t2_anw7z,False,False,False,[],False,False,1664036000,self.askscience,https://www.reddit.com/r/askscience/comments/xmwvvj/does_such_a_food_exist_where_it_is_100_absorbed/,{},xmwvvj,False,False,False,False,False,False,True,False,#aaddaa,med,[],327dd6a4-dfa6-11e3-adbc-12313d1a208b,Human Body,dark,text,False,False,True,0,0,False,all_ads,/r/askscience/comments/xmwvvj/does_such_a_food_exist_where_it_is_100_absorbed/,False,,,6,reddit,1664036011,1,[removed],True,False,False,askscience,t5_2qm4e,23157062,public,self,Does such a food exist where it is 100% absorbed by the body and no waste is created?,0,[],1.0,https://www.reddit.com/r/askscience/comments/xmwvvj/does_such_a_food_exist_where_it_is_100_absorbed/,all_ads,6
98,[],False,tadhkrob,,[],,text,t2_8pmwk,False,False,False,[],False,False,1664035912,self.askscience,https://www.reddit.com/r/askscience/comments/xmwuls/why_doesnt_moving_molecules_warm_it_up/,{},xmwuls,False,False,False,False,False,False,True,False,#cc99ff,physics,[],e8738d5c-8970-11e1-9266-12313d2c1af1,Physics,dark,text,False,False,True,0,0,False,all_ads,/r/askscience/comments/xmwuls/why_doesnt_moving_molecules_warm_it_up/,False,,,6,reddit,1664035923,1,[removed],True,False,False,askscience,t5_2qm4e,23157056,public,self,why doesn't moving molecules warm it up?,0,[],1.0,https://www.reddit.com/r/askscience/comments/xmwuls/why_doesnt_moving_molecules_warm_it_up/,all_ads,6
99,[],False,born2lurk,,[],,text,t2_i93y8,False,False,False,[],False,False,1664035653,self.askscience,https://www.reddit.com/r/askscience/comments/xmwqoa/when_i_was_a_kid_i_was_told_water_was_the_only/,{},xmwqoa,False,False,False,False,False,False,True,False,#66ddff,chem,[],3ebe1a9c-8971-11e1-9c40-12313d2c1af1,Chemistry,dark,text,False,False,True,0,0,False,all_ads,/r/askscience/comments/xmwqoa/when_i_was_a_kid_i_was_told_water_was_the_only/,False,,,6,reddit,1664035664,1,[removed],True,False,False,askscience,t5_2qm4e,23157034,public,self,"When I was a kid, I was told water was the only thing that expands when frozen. If that is true, why is that the case?",0,[],1.0,https://www.reddit.com/r/askscience/comments/xmwqoa/when_i_was_a_kid_i_was_told_water_was_the_only/,all_ads,6
